Date,Open,High,Low,Close,Volume
2022-06-21 20:00:00,0.00250100,0.00250100,0.00250100,0.00250100,0.00000000
2022-06-21 20:01:00,0.00250100,0.00250100,0.00250100,0.00250100,0.00000000
2022-06-21 20:02:00,0.00249500,0.00249500,0.00249500,0.00249500,3.00000000
2022-06-21 20:03:00,0.00249400,0.00249400,0.00249400,0.00249400,16.00000000
2022-06-21 20:04:00,0.00249300,0.00249300,0.00249300,0.00249300,36.90000000
2022-06-21 20:05:00,0.00249300,0.00249300,0.00249300,0.00249300,0.00000000
2022-06-21 20:06:00,0.00249300,0.00249300,0.00249300,0.00249300,0.00000000
2022-06-21 20:07:00,0.00249300,0.00249300,0.00249300,0.00249300,0.00000000
2022-06-21 20:08:00,0.00249300,0.00249300,0.00249300,0.00249300,0.00000000
2022-06-21 20:09:00,0.00249300,0.00249300,0.00249300,0.00249300,0.00000000
2022-06-21 20:10:00,0.00249300,0.00249300,0.00249300,0.00249300,0.00000000
2022-06-21 20:11:00,0.00249300,0.00249300,0.00249300,0.00249300,0.00000000
2022-06-21 20:12:00,0.00249300,0.00249300,0.00249300,0.00249300,0.00000000
2022-06-21 20:13:00,0.00249300,0.00249300,0.00249300,0.00249300,2.20000000
2022-06-21 20:14:00,0.00248900,0.00248900,0.00248400,0.00248400,45.80000000
2022-06-21 20:15:00,0.00248500,0.00248500,0.00248500,0.00248500,3.00000000
2022-06-21 20:16:00,0.00248500,0.00248500,0.00248500,0.00248500,0.00000000
2022-06-21 20:17:00,0.00248500,0.00248500,0.00248500,0.00248500,0.00000000
2022-06-21 20:18:00,0.00248500,0.00248500,0.00248500,0.00248500,0.00000000
2022-06-21 20:19:00,0.00248500,0.00248500,0.00248500,0.00248500,0.00000000
2022-06-21 20:20:00,0.00248500,0.00248500,0.00248500,0.00248500,0.00000000
2022-06-21 20:21:00,0.00248500,0.00248500,0.00248500,0.00248500,0.00000000
2022-06-21 20:22:00,0.00248500,0.00248500,0.00248500,0.00248500,0.00000000
2022-06-21 20:23:00,0.00248500,0.00248500,0.00248500,0.00248500,0.00000000
2022-06-21 20:24:00,0.00248500,0.00248500,0.00248500,0.00248500,0.00000000
2022-06-21 20:25:00,0.00248500,0.00248500,0.00248500,0.00248500,0.00000000
2022-06-21 20:26:00,0.00248500,0.00248500,0.00248500,0.00248500,0.00000000
2022-06-21 20:27:00,0.00248500,0.00248500,0.00248500,0.00248500,0.00000000
2022-06-21 20:28:00,0.00248500,0.00248500,0.00248500,0.00248500,0.00000000
2022-06-21 20:29:00,0.00248500,0.00248500,0.00248500,0.00248500,0.00000000
2022-06-21 20:30:00,0.00248500,0.00248500,0.00248500,0.00248500,0.00000000
2022-06-21 20:31:00,0.00250000,0.00250000,0.00250000,0.00250000,83.00000000
2022-06-21 20:32:00,0.00250000,0.00250000,0.00250000,0.00250000,0.00000000
2022-06-21 20:33:00,0.00250000,0.00250000,0.00250000,0.00250000,0.00000000
2022-06-21 20:34:00,0.00250000,0.00250000,0.00250000,0.00250000,0.00000000
2022-06-21 20:35:00,0.00250000,0.00250000,0.00250000,0.00250000,0.00000000
2022-06-21 20:36:00,0.00250000,0.00250000,0.00250000,0.00250000,0.00000000
2022-06-21 20:37:00,0.00250000,0.00250000,0.00250000,0.00250000,0.00000000
2022-06-21 20:38:00,0.00250000,0.00250000,0.00250000,0.00250000,0.00000000
2022-06-21 20:39:00,0.00250000,0.00250000,0.00250000,0.00250000,0.00000000
2022-06-21 20:40:00,0.00250000,0.00250000,0.00250000,0.00250000,0.00000000
2022-06-21 20:41:00,0.00250000,0.00250000,0.00250000,0.00250000,0.00000000
2022-06-21 20:42:00,0.00250000,0.00250000,0.00250000,0.00250000,0.00000000
2022-06-21 20:43:00,0.00250000,0.00250000,0.00250000,0.00250000,0.00000000
2022-06-21 20:44:00,0.00250000,0.00250000,0.00250000,0.00250000,0.00000000
2022-06-21 20:45:00,0.00250000,0.00250000,0.00250000,0.00250000,0.00000000
2022-06-21 20:46:00,0.00250000,0.00250000,0.00250000,0.00250000,0.00000000
2022-06-21 20:47:00,0.00248700,0.00248700,0.00248300,0.00248300,25.30000000
2022-06-21 20:48:00,0.00248300,0.00248300,0.00248300,0.00248300,0.00000000
2022-06-21 20:49:00,0.00248300,0.00248300,0.00248300,0.00248300,0.00000000
2022-06-21 20:50:00,0.00248300,0.00248300,0.00248300,0.00248300,0.00000000
2022-06-21 20:51:00,0.00248300,0.00248300,0.00248300,0.00248300,0.00000000
2022-06-21 20:52:00,0.00248300,0.00248300,0.00248300,0.00248300,0.00000000
2022-06-21 20:53:00,0.00248300,0.00248300,0.00248300,0.00248300,0.00000000
2022-06-21 20:54:00,0.00248300,0.00248300,0.00248300,0.00248300,0.00000000
2022-06-21 20:55:00,0.00248300,0.00248300,0.00248300,0.00248300,0.00000000
2022-06-21 20:56:00,0.00248300,0.00248300,0.00248300,0.00248300,155.80000000
2022-06-21 20:57:00,0.00248300,0.00248300,0.00246600,0.00246700,214.60000000
2022-06-21 20:58:00,0.00246700,0.00246700,0.00246700,0.00246700,0.00000000
2022-06-21 20:59:00,0.00246700,0.00246700,0.00246700,0.00246700,0.00000000
2022-06-21 21:00:00,0.00246700,0.00246700,0.00246700,0.00246700,0.00000000
2022-06-21 21:01:00,0.00248100,0.00248100,0.00248100,0.00248100,2.10000000
2022-06-21 21:02:00,0.00248100,0.00248100,0.00248100,0.00248100,0.00000000
2022-06-21 21:03:00,0.00248100,0.00248100,0.00248100,0.00248100,0.00000000
2022-06-21 21:04:00,0.00248100,0.00248100,0.00248100,0.00248100,0.00000000
2022-06-21 21:05:00,0.00248100,0.00248100,0.00248100,0.00248100,0.00000000
2022-06-21 21:06:00,0.00248100,0.00248100,0.00248100,0.00248100,0.00000000
2022-06-21 21:07:00,0.00248100,0.00248300,0.00248100,0.00248300,16.90000000
2022-06-21 21:08:00,0.00248300,0.00248300,0.00248300,0.00248300,0.00000000
2022-06-21 21:09:00,0.00248300,0.00248300,0.00248300,0.00248300,0.00000000
2022-06-21 21:10:00,0.00248300,0.00248300,0.00248300,0.00248300,0.00000000
2022-06-21 21:11:00,0.00248300,0.00248300,0.00248300,0.00248300,0.00000000
2022-06-21 21:12:00,0.00248300,0.00248300,0.00248300,0.00248300,0.00000000
2022-06-21 21:13:00,0.00248300,0.00248300,0.00248300,0.00248300,0.00000000
2022-06-21 21:14:00,0.00247200,0.00247200,0.00246800,0.00246800,32.00000000
2022-06-21 21:15:00,0.00246800,0.00246800,0.00246800,0.00246800,0.00000000
2022-06-21 21:16:00,0.00246800,0.00246800,0.00246800,0.00246800,0.00000000
2022-06-21 21:17:00,0.00246800,0.00246800,0.00246800,0.00246800,0.00000000
2022-06-21 21:18:00,0.00246800,0.00246800,0.00246800,0.00246800,0.00000000
2022-06-21 21:19:00,0.00246800,0.00246800,0.00246800,0.00246800,0.00000000
2022-06-21 21:20:00,0.00246800,0.00246800,0.00246800,0.00246800,0.00000000
2022-06-21 21:21:00,0.00246800,0.00246800,0.00246800,0.00246800,0.00000000
2022-06-21 21:22:00,0.00246800,0.00246800,0.00246800,0.00246800,0.00000000
2022-06-21 21:23:00,0.00246800,0.00246800,0.00246800,0.00246800,0.00000000
2022-06-21 21:24:00,0.00246800,0.00246800,0.00246800,0.00246800,0.00000000
2022-06-21 21:25:00,0.00246800,0.00246800,0.00246800,0.00246800,0.00000000
2022-06-21 21:26:00,0.00246800,0.00246800,0.00246800,0.00246800,0.00000000
2022-06-21 21:27:00,0.00246800,0.00246800,0.00246800,0.00246800,0.00000000
2022-06-21 21:28:00,0.00246800,0.00246800,0.00246800,0.00246800,0.00000000
2022-06-21 21:29:00,0.00246800,0.00246800,0.00246800,0.00246800,0.00000000
2022-06-21 21:30:00,0.00246800,0.00246800,0.00246800,0.00246800,0.00000000
2022-06-21 21:31:00,0.00246800,0.00246800,0.00246800,0.00246800,0.00000000
2022-06-21 21:32:00,0.00246800,0.00246800,0.00246800,0.00246800,0.00000000
2022-06-21 21:33:00,0.00246800,0.00246800,0.00246800,0.00246800,0.00000000
2022-06-21 21:34:00,0.00246800,0.00246800,0.00246800,0.00246800,0.00000000
2022-06-21 21:35:00,0.00246800,0.00246800,0.00246800,0.00246800,0.00000000
2022-06-21 21:36:00,0.00246800,0.00246800,0.00246800,0.00246800,0.00000000
2022-06-21 21:37:00,0.00246800,0.00246800,0.00246800,0.00246800,0.00000000
2022-06-21 21:38:00,0.00248000,0.00248000,0.00247900,0.00248000,340.30000000
2022-06-21 21:39:00,0.00248000,0.00248000,0.00248000,0.00248000,0.00000000
2022-06-21 21:40:00,0.00248000,0.00248000,0.00248000,0.00248000,0.00000000
2022-06-21 21:41:00,0.00248100,0.00248100,0.00248100,0.00248100,4.00000000
2022-06-21 21:42:00,0.00248100,0.00248100,0.00248100,0.00248100,0.00000000
2022-06-21 21:43:00,0.00248300,0.00248300,0.00248300,0.00248300,16.00000000
2022-06-21 21:44:00,0.00248300,0.00248300,0.00248300,0.00248300,0.00000000
2022-06-21 21:45:00,0.00248800,0.00248900,0.00248800,0.00248900,39.90000000
2022-06-21 21:46:00,0.00248900,0.00248900,0.00248900,0.00248900,7.60000000
2022-06-21 21:47:00,0.00248900,0.00248900,0.00248900,0.00248900,0.00000000
2022-06-21 21:48:00,0.00248900,0.00248900,0.00248900,0.00248900,0.00000000
2022-06-21 21:49:00,0.00248900,0.00248900,0.00248900,0.00248900,0.00000000
2022-06-21 21:50:00,0.00249400,0.00249400,0.00249400,0.00249400,26.00000000
2022-06-21 21:51:00,0.00249400,0.00249400,0.00249400,0.00249400,0.00000000
2022-06-21 21:52:00,0.00249400,0.00249400,0.00249400,0.00249400,0.00000000
2022-06-21 21:53:00,0.00249400,0.00249400,0.00249400,0.00249400,0.00000000
2022-06-21 21:54:00,0.00249500,0.00249500,0.00249500,0.00249500,3.00000000
2022-06-21 21:55:00,0.00249500,0.00249500,0.00249500,0.00249500,0.00000000
2022-06-21 21:56:00,0.00249500,0.00249500,0.00249500,0.00249500,0.00000000
2022-06-21 21:57:00,0.00249500,0.00249500,0.00249500,0.00249500,0.00000000
2022-06-21 21:58:00,0.00249500,0.00249500,0.00249500,0.00249500,0.00000000
2022-06-21 21:59:00,0.00249000,0.00249000,0.00249000,0.00249000,54.30000000
2022-06-21 22:00:00,0.00249000,0.00249000,0.00249000,0.00249000,0.00000000
2022-06-21 22:01:00,0.00249000,0.00249000,0.00249000,0.00249000,0.00000000
2022-06-21 22:02:00,0.00249000,0.00249000,0.00249000,0.00249000,0.00000000
2022-06-21 22:03:00,0.00249000,0.00249000,0.00249000,0.00249000,0.00000000
2022-06-21 22:04:00,0.00249000,0.00249000,0.00249000,0.00249000,0.00000000
2022-06-21 22:05:00,0.00249000,0.00249000,0.00249000,0.00249000,0.00000000
2022-06-21 22:06:00,0.00249000,0.00249000,0.00249000,0.00249000,0.00000000
2022-06-21 22:07:00,0.00249000,0.00249000,0.00249000,0.00249000,0.00000000
2022-06-21 22:08:00,0.00249000,0.00249000,0.00249000,0.00249000,0.00000000
2022-06-21 22:09:00,0.00249000,0.00249000,0.00249000,0.00249000,0.00000000
2022-06-21 22:10:00,0.00249000,0.00249000,0.00249000,0.00249000,0.00000000
2022-06-21 22:11:00,0.00249000,0.00249000,0.00249000,0.00249000,0.00000000
2022-06-21 22:12:00,0.00249000,0.00249000,0.00249000,0.00249000,0.00000000
2022-06-21 22:13:00,0.00249000,0.00249000,0.00249000,0.00249000,0.00000000
2022-06-21 22:14:00,0.00249000,0.00249000,0.00249000,0.00249000,0.00000000
2022-06-21 22:15:00,0.00249000,0.00249000,0.00249000,0.00249000,0.00000000
2022-06-21 22:16:00,0.00249000,0.00249000,0.00249000,0.00249000,0.00000000
2022-06-21 22:17:00,0.00249000,0.00249000,0.00249000,0.00249000,0.00000000
2022-06-21 22:18:00,0.00249000,0.00249000,0.00249000,0.00249000,0.00000000
2022-06-21 22:19:00,0.00249000,0.00249000,0.00249000,0.00249000,0.00000000
2022-06-21 22:20:00,0.00249000,0.00249000,0.00249000,0.00249000,0.00000000
2022-06-21 22:21:00,0.00249000,0.00249000,0.00249000,0.00249000,0.00000000
2022-06-21 22:22:00,0.00249000,0.00249000,0.00249000,0.00249000,0.00000000
2022-06-21 22:23:00,0.00249000,0.00249000,0.00249000,0.00249000,0.00000000
2022-06-21 22:24:00,0.00249000,0.00249000,0.00249000,0.00249000,0.00000000
2022-06-21 22:25:00,0.00249000,0.00249000,0.00249000,0.00249000,0.00000000
2022-06-21 22:26:00,0.00249000,0.00249000,0.00249000,0.00249000,0.00000000
2022-06-21 22:27:00,0.00249000,0.00249000,0.00249000,0.00249000,0.00000000
2022-06-21 22:28:00,0.00248300,0.00248300,0.00248300,0.00248300,16.00000000
2022-06-21 22:29:00,0.00248100,0.00248100,0.00247700,0.00247700,3.90000000
2022-06-21 22:30:00,0.00247700,0.00247700,0.00247700,0.00247700,0.00000000
2022-06-21 22:31:00,0.00247700,0.00247700,0.00247700,0.00247700,0.00000000
2022-06-21 22:32:00,0.00247700,0.00247700,0.00247700,0.00247700,0.00000000
2022-06-21 22:33:00,0.00247700,0.00247700,0.00247700,0.00247700,0.00000000
2022-06-21 22:34:00,0.00247700,0.00247700,0.00247700,0.00247700,0.00000000
2022-06-21 22:35:00,0.00247700,0.00247700,0.00247700,0.00247700,0.00000000
2022-06-21 22:36:00,0.00247700,0.00247700,0.00247700,0.00247700,0.00000000
2022-06-21 22:37:00,0.00247700,0.00247700,0.00247700,0.00247700,0.00000000
2022-06-21 22:38:00,0.00247700,0.00247700,0.00247700,0.00247700,0.00000000
2022-06-21 22:39:00,0.00247700,0.00247700,0.00247700,0.00247700,0.00000000
2022-06-21 22:40:00,0.00247700,0.00247700,0.00247700,0.00247700,0.00000000
2022-06-21 22:41:00,0.00247700,0.00247700,0.00247700,0.00247700,0.00000000
2022-06-21 22:42:00,0.00247700,0.00247700,0.00247700,0.00247700,0.00000000
2022-06-21 22:43:00,0.00247700,0.00247700,0.00247700,0.00247700,0.00000000
2022-06-21 22:44:00,0.00247700,0.00247700,0.00247700,0.00247700,0.00000000
2022-06-21 22:45:00,0.00247700,0.00247700,0.00247700,0.00247700,0.00000000
2022-06-21 22:46:00,0.00247700,0.00247700,0.00247700,0.00247700,0.00000000
2022-06-21 22:47:00,0.00247700,0.00247700,0.00247700,0.00247700,0.00000000
2022-06-21 22:48:00,0.00247700,0.00247700,0.00247700,0.00247700,0.00000000
2022-06-21 22:49:00,0.00247700,0.00247700,0.00247700,0.00247700,0.00000000
2022-06-21 22:50:00,0.00247700,0.00247700,0.00247700,0.00247700,0.00000000
2022-06-21 22:51:00,0.00247700,0.00247700,0.00247700,0.00247700,0.00000000
2022-06-21 22:52:00,0.00247700,0.00247700,0.00247700,0.00247700,0.00000000
2022-06-21 22:53:00,0.00247700,0.00247700,0.00247700,0.00247700,0.00000000
2022-06-21 22:54:00,0.00247700,0.00247700,0.00247700,0.00247700,0.00000000
2022-06-21 22:55:00,0.00247700,0.00247700,0.00247700,0.00247700,0.00000000
2022-06-21 22:56:00,0.00248400,0.00248400,0.00248400,0.00248400,30.60000000
2022-06-21 22:57:00,0.00248400,0.00248400,0.00248400,0.00248400,0.00000000
2022-06-21 22:58:00,0.00248400,0.00248400,0.00248400,0.00248400,0.00000000
2022-06-21 22:59:00,0.00248400,0.00248400,0.00248400,0.00248400,0.00000000
2022-06-21 23:00:00,0.00249400,0.00250100,0.00249400,0.00250100,73.40000000
2022-06-21 23:01:00,0.00248800,0.00248800,0.00248800,0.00248800,2.70000000
2022-06-21 23:02:00,0.00248800,0.00248800,0.00248800,0.00248800,2.20000000
2022-06-21 23:03:00,0.00248800,0.00248800,0.00248800,0.00248800,0.00000000
2022-06-21 23:04:00,0.00248700,0.00248700,0.00248700,0.00248700,14.60000000
2022-06-21 23:05:00,0.00248700,0.00248700,0.00248700,0.00248700,0.00000000
2022-06-21 23:06:00,0.00248700,0.00248700,0.00248700,0.00248700,0.00000000
2022-06-21 23:07:00,0.00248700,0.00248700,0.00248700,0.00248700,0.00000000
2022-06-21 23:08:00,0.00248700,0.00248700,0.00248700,0.00248700,0.00000000
2022-06-21 23:09:00,0.00248700,0.00248700,0.00248700,0.00248700,0.00000000
2022-06-21 23:10:00,0.00248700,0.00248700,0.00248700,0.00248700,0.00000000
2022-06-21 23:11:00,0.00248700,0.00248700,0.00248700,0.00248700,0.00000000
2022-06-21 23:12:00,0.00248700,0.00248700,0.00248700,0.00248700,0.00000000
2022-06-21 23:13:00,0.00248700,0.00248700,0.00248700,0.00248700,0.00000000
2022-06-21 23:14:00,0.00250100,0.00250100,0.00250100,0.00250100,2.70000000
2022-06-21 23:15:00,0.00250500,0.00250500,0.00250500,0.00250500,18.10000000
2022-06-21 23:16:00,0.00250500,0.00250500,0.00250500,0.00250500,0.00000000
2022-06-21 23:17:00,0.00250500,0.00250500,0.00250500,0.00250500,0.00000000
2022-06-21 23:18:00,0.00250500,0.00250500,0.00250500,0.00250500,0.00000000
2022-06-21 23:19:00,0.00250500,0.00250500,0.00250500,0.00250500,0.00000000
2022-06-21 23:20:00,0.00250500,0.00250500,0.00250500,0.00250500,0.00000000
2022-06-21 23:21:00,0.00250500,0.00250500,0.00250500,0.00250500,0.00000000
2022-06-21 23:22:00,0.00250500,0.00250500,0.00250500,0.00250500,0.00000000
2022-06-21 23:23:00,0.00250500,0.00250500,0.00250500,0.00250500,0.00000000
2022-06-21 23:24:00,0.00250500,0.00250500,0.00250500,0.00250500,0.00000000
2022-06-21 23:25:00,0.00250500,0.00250500,0.00250500,0.00250500,0.00000000
2022-06-21 23:26:00,0.00250500,0.00250500,0.00250500,0.00250500,0.00000000
2022-06-21 23:27:00,0.00250500,0.00250500,0.00250500,0.00250500,0.00000000
2022-06-21 23:28:00,0.00250500,0.00250500,0.00250500,0.00250500,0.00000000
2022-06-21 23:29:00,0.00250500,0.00250500,0.00250500,0.00250500,0.00000000
2022-06-21 23:30:00,0.00250500,0.00250500,0.00250500,0.00250500,0.00000000
2022-06-21 23:31:00,0.00250500,0.00250500,0.00250500,0.00250500,0.00000000
2022-06-21 23:32:00,0.00250500,0.00250500,0.00250500,0.00250500,0.00000000
2022-06-21 23:33:00,0.00250500,0.00250500,0.00250500,0.00250500,0.00000000
2022-06-21 23:34:00,0.00250500,0.00250500,0.00250500,0.00250500,0.00000000
2022-06-21 23:35:00,0.00250500,0.00250500,0.00250500,0.00250500,0.00000000
2022-06-21 23:36:00,0.00250500,0.00250500,0.00250500,0.00250500,0.00000000
2022-06-21 23:37:00,0.00250700,0.00250700,0.00250700,0.00250700,36.90000000
2022-06-21 23:38:00,0.00250700,0.00250700,0.00250700,0.00250700,0.00000000
2022-06-21 23:39:00,0.00250700,0.00250700,0.00250700,0.00250700,0.00000000
2022-06-21 23:40:00,0.00250700,0.00250700,0.00250700,0.00250700,0.00000000
2022-06-21 23:41:00,0.00250700,0.00250700,0.00250700,0.00250700,0.00000000
2022-06-21 23:42:00,0.00250700,0.00250700,0.00250700,0.00250700,0.00000000
2022-06-21 23:43:00,0.00250700,0.00250700,0.00250700,0.00250700,0.00000000
2022-06-21 23:44:00,0.00250700,0.00250700,0.00250700,0.00250700,0.00000000
2022-06-21 23:45:00,0.00250700,0.00250700,0.00250700,0.00250700,0.00000000
2022-06-21 23:46:00,0.00250700,0.00250700,0.00250700,0.00250700,0.00000000
2022-06-21 23:47:00,0.00250700,0.00250700,0.00250700,0.00250700,0.00000000
2022-06-21 23:48:00,0.00250700,0.00250700,0.00250700,0.00250700,0.00000000
2022-06-21 23:49:00,0.00250700,0.00250700,0.00250700,0.00250700,0.00000000
2022-06-21 23:50:00,0.00250700,0.00250700,0.00250700,0.00250700,0.00000000
2022-06-21 23:51:00,0.00250700,0.00250700,0.00250700,0.00250700,0.00000000
2022-06-21 23:52:00,0.00250700,0.00250700,0.00250700,0.00250700,0.00000000
2022-06-21 23:53:00,0.00250700,0.00250700,0.00250700,0.00250700,0.00000000
2022-06-21 23:54:00,0.00250700,0.00250700,0.00250700,0.00250700,0.00000000
2022-06-21 23:55:00,0.00250700,0.00250700,0.00250700,0.00250700,0.00000000
2022-06-21 23:56:00,0.00250700,0.00250700,0.00250700,0.00250700,0.00000000
2022-06-21 23:57:00,0.00250700,0.00250700,0.00250700,0.00250700,0.00000000
2022-06-21 23:58:00,0.00250700,0.00250700,0.00250700,0.00250700,0.00000000
2022-06-21 23:59:00,0.00250700,0.00250700,0.00250700,0.00250700,0.00000000
2022-06-22 00:00:00,0.00250700,0.00250700,0.00250700,0.00250700,0.00000000
2022-06-22 00:01:00,0.00250700,0.00250700,0.00250700,0.00250700,0.00000000
2022-06-22 00:02:00,0.00250700,0.00250700,0.00250700,0.00250700,0.00000000
2022-06-22 00:03:00,0.00250700,0.00250700,0.00250700,0.00250700,0.00000000
2022-06-22 00:04:00,0.00250700,0.00250700,0.00250700,0.00250700,0.00000000
2022-06-22 00:05:00,0.00249400,0.00249400,0.00249300,0.00249300,52.90000000
2022-06-22 00:06:00,0.00249300,0.00249300,0.00249300,0.00249300,0.00000000
2022-06-22 00:07:00,0.00249300,0.00249300,0.00249300,0.00249300,0.00000000
2022-06-22 00:08:00,0.00249300,0.00249300,0.00249300,0.00249300,0.00000000
2022-06-22 00:09:00,0.00249300,0.00249300,0.00249300,0.00249300,0.00000000
2022-06-22 00:10:00,0.00249300,0.00249300,0.00249300,0.00249300,0.00000000
2022-06-22 00:11:00,0.00249300,0.00249300,0.00249300,0.00249300,0.00000000
2022-06-22 00:12:00,0.00249300,0.00249300,0.00249300,0.00249300,0.00000000
2022-06-22 00:13:00,0.00249300,0.00249300,0.00249300,0.00249300,0.00000000
2022-06-22 00:14:00,0.00249300,0.00249300,0.00249300,0.00249300,0.00000000
2022-06-22 00:15:00,0.00249300,0.00249300,0.00249300,0.00249300,0.00000000
2022-06-22 00:16:00,0.00249300,0.00249300,0.00249300,0.00249300,0.00000000
2022-06-22 00:17:00,0.00249300,0.00249300,0.00249300,0.00249300,0.00000000
2022-06-22 00:18:00,0.00249300,0.00249300,0.00249300,0.00249300,0.00000000
2022-06-22 00:19:00,0.00249300,0.00249300,0.00249300,0.00249300,0.00000000
2022-06-22 00:20:00,0.00249300,0.00249300,0.00249300,0.00249300,0.00000000
2022-06-22 00:21:00,0.00249300,0.00249300,0.00249300,0.00249300,0.00000000
2022-06-22 00:22:00,0.00249300,0.00249300,0.00249300,0.00249300,0.00000000
2022-06-22 00:23:00,0.00249300,0.00249300,0.00249300,0.00249300,0.00000000
2022-06-22 00:24:00,0.00249300,0.00249300,0.00249300,0.00249300,0.00000000
2022-06-22 00:25:00,0.00249300,0.00249300,0.00249300,0.00249300,0.00000000
2022-06-22 00:26:00,0.00249300,0.00249300,0.00249300,0.00249300,0.00000000
2022-06-22 00:27:00,0.00249300,0.00249300,0.00249300,0.00249300,0.00000000
2022-06-22 00:28:00,0.00249300,0.00249300,0.00249300,0.00249300,0.00000000
2022-06-22 00:29:00,0.00249300,0.00249300,0.00249300,0.00249300,0.00000000
2022-06-22 00:30:00,0.00249300,0.00249300,0.00249300,0.00249300,0.00000000
2022-06-22 00:31:00,0.00249300,0.00249300,0.00249300,0.00249300,0.00000000
2022-06-22 00:32:00,0.00249300,0.00249300,0.00249300,0.00249300,0.00000000
2022-06-22 00:33:00,0.00249300,0.00249300,0.00249300,0.00249300,0.00000000
2022-06-22 00:34:00,0.00249300,0.00249300,0.00249300,0.00249300,0.00000000
2022-06-22 00:35:00,0.00249300,0.00249300,0.00249300,0.00249300,0.00000000
2022-06-22 00:36:00,0.00249300,0.00249300,0.00249300,0.00249300,0.00000000
2022-06-22 00:37:00,0.00249300,0.00249300,0.00249300,0.00249300,0.00000000
2022-06-22 00:38:00,0.00249300,0.00249300,0.00249300,0.00249300,0.00000000
2022-06-22 00:39:00,0.00250500,0.00250800,0.00250500,0.00250800,60.40000000
2022-06-22 00:40:00,0.00250800,0.00250800,0.00250800,0.00250800,0.00000000
2022-06-22 00:41:00,0.00250800,0.00250800,0.00250800,0.00250800,0.00000000
2022-06-22 00:42:00,0.00250800,0.00250800,0.00250800,0.00250800,0.00000000
2022-06-22 00:43:00,0.00250800,0.00250800,0.00250800,0.00250800,0.00000000
2022-06-22 00:44:00,0.00250800,0.00250800,0.00250800,0.00250800,0.00000000
2022-06-22 00:45:00,0.00251000,0.00251000,0.00251000,0.00251000,2.10000000
2022-06-22 00:46:00,0.00251000,0.00251000,0.00251000,0.00251000,0.00000000
2022-06-22 00:47:00,0.00251000,0.00251000,0.00251000,0.00251000,0.00000000
2022-06-22 00:48:00,0.00251000,0.00251000,0.00251000,0.00251000,0.00000000
2022-06-22 00:49:00,0.00251000,0.00251000,0.00251000,0.00251000,0.00000000
2022-06-22 00:50:00,0.00251000,0.00251000,0.00251000,0.00251000,0.00000000
2022-06-22 00:51:00,0.00251000,0.00251000,0.00251000,0.00251000,0.00000000
2022-06-22 00:52:00,0.00251300,0.00251600,0.00251300,0.00251600,21.50000000
2022-06-22 00:53:00,0.00251700,0.00251700,0.00251700,0.00251700,27.20000000
2022-06-22 00:54:00,0.00251700,0.00251700,0.00251300,0.00251300,4.60000000
2022-06-22 00:55:00,0.00251300,0.00251300,0.00251300,0.00251300,0.00000000
2022-06-22 00:56:00,0.00251300,0.00251300,0.00251300,0.00251300,0.00000000
2022-06-22 00:57:00,0.00251300,0.00251300,0.00251300,0.00251300,0.00000000
2022-06-22 00:58:00,0.00251300,0.00251300,0.00251300,0.00251300,0.00000000
2022-06-22 00:59:00,0.00251300,0.00251300,0.00251300,0.00251300,0.00000000
2022-06-22 01:00:00,0.00251300,0.00251300,0.00251300,0.00251300,0.00000000
2022-06-22 01:01:00,0.00250500,0.00250500,0.00250100,0.00250100,18.70000000
2022-06-22 01:02:00,0.00250100,0.00250100,0.00250100,0.00250100,0.00000000
2022-06-22 01:03:00,0.00250100,0.00250100,0.00250100,0.00250100,0.00000000
2022-06-22 01:04:00,0.00250100,0.00250100,0.00250100,0.00250100,0.00000000
2022-06-22 01:05:00,0.00250100,0.00250100,0.00250100,0.00250100,0.00000000
2022-06-22 01:06:00,0.00250100,0.00250100,0.00250100,0.00250100,0.00000000
2022-06-22 01:07:00,0.00250100,0.00250100,0.00250100,0.00250100,0.00000000
2022-06-22 01:08:00,0.00250100,0.00250100,0.00250100,0.00250100,0.00000000
2022-06-22 01:09:00,0.00250100,0.00250100,0.00250100,0.00250100,0.00000000
2022-06-22 01:10:00,0.00250100,0.00250100,0.00250100,0.00250100,0.00000000
2022-06-22 01:11:00,0.00250100,0.00250100,0.00250100,0.00250100,0.00000000
2022-06-22 01:12:00,0.00250100,0.00250100,0.00250100,0.00250100,0.00000000
2022-06-22 01:13:00,0.00250100,0.00250100,0.00250100,0.00250100,0.00000000
2022-06-22 01:14:00,0.00250100,0.00250100,0.00250100,0.00250100,0.00000000
2022-06-22 01:15:00,0.00250100,0.00250100,0.00250100,0.00250100,0.00000000
2022-06-22 01:16:00,0.00250100,0.00250100,0.00250100,0.00250100,0.00000000
2022-06-22 01:17:00,0.00250100,0.00250100,0.00250100,0.00250100,0.00000000
2022-06-22 01:18:00,0.00250100,0.00250100,0.00250100,0.00250100,0.00000000
2022-06-22 01:19:00,0.00250100,0.00250100,0.00250100,0.00250100,0.00000000
2022-06-22 01:20:00,0.00250100,0.00250100,0.00250100,0.00250100,0.00000000
2022-06-22 01:21:00,0.00250100,0.00250100,0.00250100,0.00250100,0.00000000
2022-06-22 01:22:00,0.00250100,0.00250100,0.00250100,0.00250100,0.00000000
2022-06-22 01:23:00,0.00250100,0.00250100,0.00250100,0.00250100,0.00000000
2022-06-22 01:24:00,0.00250100,0.00250100,0.00250100,0.00250100,0.00000000
2022-06-22 01:25:00,0.00250100,0.00250100,0.00250100,0.00250100,0.00000000
2022-06-22 01:26:00,0.00251400,0.00251400,0.00251400,0.00251400,2.70000000
2022-06-22 01:27:00,0.00251400,0.00251400,0.00251400,0.00251400,0.00000000
2022-06-22 01:28:00,0.00251400,0.00251400,0.00251400,0.00251400,0.00000000
2022-06-22 01:29:00,0.00251400,0.00251400,0.00251400,0.00251400,0.00000000
2022-06-22 01:30:00,0.00251400,0.00251400,0.00251400,0.00251400,0.00000000
2022-06-22 01:31:00,0.00251400,0.00251400,0.00251400,0.00251400,0.00000000
2022-06-22 01:32:00,0.00251400,0.00251400,0.00251400,0.00251400,0.00000000
2022-06-22 01:33:00,0.00251400,0.00251400,0.00251400,0.00251400,0.00000000
2022-06-22 01:34:00,0.00250800,0.00250800,0.00250500,0.00250500,223.20000000
2022-06-22 01:35:00,0.00250500,0.00250500,0.00250500,0.00250500,0.00000000
2022-06-22 01:36:00,0.00250500,0.00250500,0.00250500,0.00250500,0.00000000
2022-06-22 01:37:00,0.00250500,0.00250500,0.00250500,0.00250500,0.00000000
2022-06-22 01:38:00,0.00250500,0.00250500,0.00250500,0.00250500,0.00000000
2022-06-22 01:39:00,0.00250500,0.00250500,0.00250500,0.00250500,0.00000000
2022-06-22 01:40:00,0.00250500,0.00250500,0.00250500,0.00250500,0.00000000
2022-06-22 01:41:00,0.00250500,0.00250500,0.00250500,0.00250500,0.00000000
2022-06-22 01:42:00,0.00250500,0.00250500,0.00250500,0.00250500,0.00000000
2022-06-22 01:43:00,0.00250500,0.00250500,0.00250500,0.00250500,0.00000000
2022-06-22 01:44:00,0.00250500,0.00250500,0.00250500,0.00250500,0.00000000
2022-06-22 01:45:00,0.00250500,0.00250500,0.00250500,0.00250500,0.00000000
2022-06-22 01:46:00,0.00250500,0.00250500,0.00250500,0.00250500,0.00000000
2022-06-22 01:47:00,0.00250500,0.00250500,0.00250500,0.00250500,0.00000000
2022-06-22 01:48:00,0.00250500,0.00250500,0.00250500,0.00250500,0.00000000
2022-06-22 01:49:00,0.00250500,0.00250500,0.00250500,0.00250500,0.00000000
2022-06-22 01:50:00,0.00250500,0.00250500,0.00250500,0.00250500,0.00000000
2022-06-22 01:51:00,0.00250500,0.00250500,0.00250500,0.00250500,0.00000000
2022-06-22 01:52:00,0.00250500,0.00250500,0.00250500,0.00250500,0.00000000
2022-06-22 01:53:00,0.00250500,0.00250500,0.00250500,0.00250500,0.00000000
2022-06-22 01:54:00,0.00250500,0.00250500,0.00250500,0.00250500,0.00000000
2022-06-22 01:55:00,0.00250500,0.00250500,0.00250500,0.00250500,0.00000000
2022-06-22 01:56:00,0.00250500,0.00250500,0.00250500,0.00250500,0.00000000
2022-06-22 01:57:00,0.00250500,0.00250500,0.00250500,0.00250500,0.00000000
2022-06-22 01:58:00,0.00250500,0.00250500,0.00250500,0.00250500,0.00000000
2022-06-22 01:59:00,0.00250500,0.00250500,0.00250500,0.00250500,0.00000000
2022-06-22 02:00:00,0.00250500,0.00250500,0.00250500,0.00250500,0.00000000
2022-06-22 02:01:00,0.00250500,0.00250500,0.00250500,0.00250500,0.00000000
2022-06-22 02:02:00,0.00250500,0.00250500,0.00250500,0.00250500,0.00000000
2022-06-22 02:03:00,0.00250500,0.00250500,0.00250500,0.00250500,0.00000000
2022-06-22 02:04:00,0.00250500,0.00250500,0.00250500,0.00250500,0.00000000
2022-06-22 02:05:00,0.00250500,0.00250500,0.00250500,0.00250500,0.00000000
2022-06-22 02:06:00,0.00250500,0.00250500,0.00250500,0.00250500,0.00000000
2022-06-22 02:07:00,0.00250500,0.00250500,0.00250500,0.00250500,0.00000000
2022-06-22 02:08:00,0.00250500,0.00250500,0.00250500,0.00250500,0.00000000
2022-06-22 02:09:00,0.00250500,0.00250500,0.00250500,0.00250500,0.00000000
2022-06-22 02:10:00,0.00250500,0.00250500,0.00250500,0.00250500,0.00000000
2022-06-22 02:11:00,0.00250500,0.00250500,0.00250500,0.00250500,0.00000000
2022-06-22 02:12:00,0.00250500,0.00250500,0.00250500,0.00250500,0.00000000
2022-06-22 02:13:00,0.00250500,0.00250500,0.00250500,0.00250500,0.00000000
2022-06-22 02:14:00,0.00250500,0.00250500,0.00250500,0.00250500,0.00000000
2022-06-22 02:15:00,0.00251600,0.00251900,0.00251600,0.00251900,33.10000000
2022-06-22 02:16:00,0.00251900,0.00251900,0.00251900,0.00251900,0.00000000
2022-06-22 02:17:00,0.00251900,0.00251900,0.00251900,0.00251900,0.00000000
2022-06-22 02:18:00,0.00251900,0.00251900,0.00251900,0.00251900,0.00000000
2022-06-22 02:19:00,0.00251900,0.00251900,0.00251900,0.00251900,0.00000000
2022-06-22 02:20:00,0.00252200,0.00252200,0.00252200,0.00252200,3.00000000
2022-06-22 02:21:00,0.00252200,0.00252200,0.00252200,0.00252200,0.00000000
2022-06-22 02:22:00,0.00252200,0.00252200,0.00252200,0.00252200,0.00000000
2022-06-22 02:23:00,0.00252500,0.00252500,0.00252500,0.00252500,2.00000000
2022-06-22 02:24:00,0.00252600,0.00252700,0.00252600,0.00252700,48.00000000
2022-06-22 02:25:00,0.00252700,0.00252700,0.00252700,0.00252700,0.00000000
2022-06-22 02:26:00,0.00252700,0.00252700,0.00252700,0.00252700,0.00000000
2022-06-22 02:27:00,0.00252700,0.00252700,0.00252700,0.00252700,0.00000000
2022-06-22 02:28:00,0.00252700,0.00252700,0.00252700,0.00252700,7.10000000
2022-06-22 02:29:00,0.00252700,0.00252700,0.00252700,0.00252700,0.00000000
2022-06-22 02:30:00,0.00252700,0.00252700,0.00252700,0.00252700,0.00000000
2022-06-22 02:31:00,0.00252700,0.00252700,0.00252700,0.00252700,0.00000000
2022-06-22 02:32:00,0.00252700,0.00252700,0.00252700,0.00252700,0.00000000
2022-06-22 02:33:00,0.00252700,0.00252700,0.00252700,0.00252700,0.00000000
2022-06-22 02:34:00,0.00252700,0.00252700,0.00252700,0.00252700,0.00000000
2022-06-22 02:35:00,0.00252700,0.00252700,0.00252700,0.00252700,0.00000000
2022-06-22 02:36:00,0.00252700,0.00252700,0.00252700,0.00252700,0.00000000
2022-06-22 02:37:00,0.00252700,0.00252700,0.00252700,0.00252700,0.00000000
2022-06-22 02:38:00,0.00252700,0.00252700,0.00252700,0.00252700,0.00000000
2022-06-22 02:39:00,0.00252700,0.00252700,0.00252700,0.00252700,0.00000000
2022-06-22 02:40:00,0.00252700,0.00252700,0.00252700,0.00252700,0.00000000
2022-06-22 02:41:00,0.00252700,0.00252700,0.00252700,0.00252700,0.00000000
2022-06-22 02:42:00,0.00252700,0.00252700,0.00252700,0.00252700,0.00000000
2022-06-22 02:43:00,0.00252700,0.00252700,0.00252700,0.00252700,0.00000000
2022-06-22 02:44:00,0.00252700,0.00252700,0.00252700,0.00252700,0.00000000
2022-06-22 02:45:00,0.00252700,0.00252700,0.00252700,0.00252700,0.00000000
2022-06-22 02:46:00,0.00252700,0.00253100,0.00252700,0.00253100,15.20000000
2022-06-22 02:47:00,0.00253200,0.00253500,0.00253200,0.00253500,58.60000000
2022-06-22 02:48:00,0.00253600,0.00253600,0.00253600,0.00253600,3.00000000
2022-06-22 02:49:00,0.00253500,0.00253500,0.00253500,0.00253500,6.00000000
2022-06-22 02:50:00,0.00253500,0.00253500,0.00253500,0.00253500,0.00000000
2022-06-22 02:51:00,0.00253500,0.00253500,0.00253500,0.00253500,0.00000000
2022-06-22 02:52:00,0.00253500,0.00253500,0.00253500,0.00253500,0.00000000
2022-06-22 02:53:00,0.00253500,0.00253500,0.00253500,0.00253500,0.00000000
2022-06-22 02:54:00,0.00253500,0.00253500,0.00253500,0.00253500,0.00000000
2022-06-22 02:55:00,0.00253500,0.00253500,0.00253500,0.00253500,0.00000000
2022-06-22 02:56:00,0.00253500,0.00253500,0.00253500,0.00253500,0.00000000
2022-06-22 02:57:00,0.00253500,0.00253500,0.00253500,0.00253500,0.00000000
2022-06-22 02:58:00,0.00253500,0.00253500,0.00253500,0.00253500,0.00000000
2022-06-22 02:59:00,0.00253500,0.00253500,0.00253500,0.00253500,0.00000000
2022-06-22 03:00:00,0.00253500,0.00253500,0.00253500,0.00253500,0.00000000
2022-06-22 03:01:00,0.00253500,0.00253500,0.00253500,0.00253500,0.00000000
2022-06-22 03:02:00,0.00253500,0.00253500,0.00253500,0.00253500,0.00000000
2022-06-22 03:03:00,0.00253500,0.00253500,0.00253500,0.00253500,0.00000000
2022-06-22 03:04:00,0.00253000,0.00253000,0.00253000,0.00253000,19.30000000
2022-06-22 03:05:00,0.00253000,0.00253000,0.00253000,0.00253000,0.00000000
2022-06-22 03:06:00,0.00253000,0.00253000,0.00253000,0.00253000,0.00000000
2022-06-22 03:07:00,0.00253000,0.00253000,0.00253000,0.00253000,0.00000000
2022-06-22 03:08:00,0.00253000,0.00253000,0.00253000,0.00253000,0.00000000
2022-06-22 03:09:00,0.00252200,0.00252200,0.00252200,0.00252200,3.00000000
2022-06-22 03:10:00,0.00252100,0.00252100,0.00252100,0.00252100,36.50000000
2022-06-22 03:11:00,0.00252100,0.00252100,0.00252100,0.00252100,0.00000000
2022-06-22 03:12:00,0.00252100,0.00252100,0.00252100,0.00252100,0.00000000
2022-06-22 03:13:00,0.00252100,0.00252100,0.00252100,0.00252100,0.00000000
2022-06-22 03:14:00,0.00253500,0.00253800,0.00253500,0.00253800,61.70000000
2022-06-22 03:15:00,0.00254000,0.00254500,0.00254000,0.00254400,75.70000000
2022-06-22 03:16:00,0.00253300,0.00253800,0.00253300,0.00253800,9.40000000
2022-06-22 03:17:00,0.00253800,0.00253800,0.00253800,0.00253800,0.00000000
2022-06-22 03:18:00,0.00253800,0.00253800,0.00253800,0.00253800,0.00000000
2022-06-22 03:19:00,0.00253800,0.00253800,0.00253800,0.00253800,0.00000000
2022-06-22 03:20:00,0.00253800,0.00253800,0.00253800,0.00253800,0.00000000
2022-06-22 03:21:00,0.00253800,0.00253800,0.00253800,0.00253800,0.00000000
2022-06-22 03:22:00,0.00253800,0.00253800,0.00253800,0.00253800,0.00000000
2022-06-22 03:23:00,0.00253800,0.00253800,0.00253800,0.00253800,0.00000000
2022-06-22 03:24:00,0.00253000,0.00253000,0.00253000,0.00253000,36.40000000
2022-06-22 03:25:00,0.00252700,0.00252700,0.00252700,0.00252700,29.30000000
2022-06-22 03:26:00,0.00252700,0.00252700,0.00252700,0.00252700,0.00000000
2022-06-22 03:27:00,0.00252700,0.00252700,0.00252700,0.00252700,0.00000000
2022-06-22 03:28:00,0.00252700,0.00252700,0.00252700,0.00252700,0.00000000
2022-06-22 03:29:00,0.00252700,0.00252700,0.00252700,0.00252700,0.00000000
2022-06-22 03:30:00,0.00252700,0.00252700,0.00252700,0.00252700,0.00000000
2022-06-22 03:31:00,0.00252700,0.00252700,0.00252700,0.00252700,0.00000000
2022-06-22 03:32:00,0.00252700,0.00252700,0.00252700,0.00252700,0.00000000
2022-06-22 03:33:00,0.00252700,0.00252700,0.00252700,0.00252700,0.00000000
2022-06-22 03:34:00,0.00252700,0.00252700,0.00252700,0.00252700,0.00000000
2022-06-22 03:35:00,0.00252700,0.00252700,0.00252700,0.00252700,0.00000000
2022-06-22 03:36:00,0.00252700,0.00252700,0.00252700,0.00252700,0.00000000
2022-06-22 03:37:00,0.00252700,0.00252700,0.00252700,0.00252700,0.00000000
2022-06-22 03:38:00,0.00252700,0.00252700,0.00252700,0.00252700,0.00000000
2022-06-22 03:39:00,0.00252700,0.00252700,0.00252700,0.00252700,0.00000000
2022-06-22 03:40:00,0.00252700,0.00252700,0.00251200,0.00251200,81.30000000
2022-06-22 03:41:00,0.00251200,0.00251200,0.00251200,0.00251200,0.00000000
2022-06-22 03:42:00,0.00251200,0.00251200,0.00251200,0.00251200,0.00000000
2022-06-22 03:43:00,0.00251200,0.00251200,0.00251200,0.00251200,0.00000000
2022-06-22 03:44:00,0.00251200,0.00251200,0.00251200,0.00251200,0.00000000
2022-06-22 03:45:00,0.00251200,0.00251200,0.00251200,0.00251200,0.00000000
2022-06-22 03:46:00,0.00251200,0.00251200,0.00251200,0.00251200,0.00000000
2022-06-22 03:47:00,0.00251200,0.00251200,0.00251200,0.00251200,0.00000000
2022-06-22 03:48:00,0.00251200,0.00251200,0.00251200,0.00251200,0.00000000
2022-06-22 03:49:00,0.00251200,0.00251200,0.00251200,0.00251200,0.00000000
2022-06-22 03:50:00,0.00251200,0.00251200,0.00251200,0.00251200,0.00000000
2022-06-22 03:51:00,0.00251200,0.00251200,0.00251200,0.00251200,0.00000000
2022-06-22 03:52:00,0.00251200,0.00251200,0.00251200,0.00251200,0.00000000
2022-06-22 03:53:00,0.00251200,0.00251200,0.00251200,0.00251200,0.00000000
2022-06-22 03:54:00,0.00251200,0.00251200,0.00251200,0.00251200,0.00000000
2022-06-22 03:55:00,0.00251200,0.00251200,0.00251200,0.00251200,0.00000000
2022-06-22 03:56:00,0.00251200,0.00251200,0.00251200,0.00251200,0.00000000
2022-06-22 03:57:00,0.00251200,0.00251200,0.00251200,0.00251200,0.00000000
2022-06-22 03:58:00,0.00251200,0.00251200,0.00251200,0.00251200,0.00000000
2022-06-22 03:59:00,0.00251200,0.00251200,0.00251200,0.00251200,0.00000000
2022-06-22 04:00:00,0.00251200,0.00251200,0.00251200,0.00251200,0.00000000
2022-06-22 04:01:00,0.00251200,0.00251200,0.00251200,0.00251200,0.00000000
2022-06-22 04:02:00,0.00251200,0.00251200,0.00251200,0.00251200,0.00000000
2022-06-22 04:03:00,0.00251200,0.00251200,0.00251200,0.00251200,0.00000000
2022-06-22 04:04:00,0.00251200,0.00251200,0.00251200,0.00251200,0.00000000
2022-06-22 04:05:00,0.00251200,0.00251200,0.00251200,0.00251200,0.00000000
2022-06-22 04:06:00,0.00251200,0.00251200,0.00251200,0.00251200,0.00000000
2022-06-22 04:07:00,0.00251200,0.00251200,0.00251200,0.00251200,0.00000000
2022-06-22 04:08:00,0.00251200,0.00251200,0.00251200,0.00251200,0.00000000
2022-06-22 04:09:00,0.00251200,0.00251200,0.00251200,0.00251200,0.00000000
2022-06-22 04:10:00,0.00251200,0.00251200,0.00251200,0.00251200,0.00000000
2022-06-22 04:11:00,0.00251200,0.00251200,0.00251200,0.00251200,0.00000000
2022-06-22 04:12:00,0.00251200,0.00251200,0.00251200,0.00251200,0.00000000
2022-06-22 04:13:00,0.00251200,0.00251200,0.00251200,0.00251200,0.00000000
2022-06-22 04:14:00,0.00251200,0.00251200,0.00251200,0.00251200,0.00000000
2022-06-22 04:15:00,0.00251200,0.00251200,0.00251200,0.00251200,0.00000000
2022-06-22 04:16:00,0.00251200,0.00251200,0.00251200,0.00251200,0.00000000
2022-06-22 04:17:00,0.00251200,0.00251200,0.00251200,0.00251200,0.00000000
2022-06-22 04:18:00,0.00251200,0.00251200,0.00251200,0.00251200,0.00000000
2022-06-22 04:19:00,0.00251200,0.00251200,0.00251200,0.00251200,0.00000000
2022-06-22 04:20:00,0.00251200,0.00251200,0.00251200,0.00251200,0.00000000
2022-06-22 04:21:00,0.00251200,0.00251200,0.00251200,0.00251200,0.00000000
2022-06-22 04:22:00,0.00251200,0.00251200,0.00251200,0.00251200,0.00000000
2022-06-22 04:23:00,0.00251200,0.00251200,0.00251200,0.00251200,0.00000000
2022-06-22 04:24:00,0.00251200,0.00251200,0.00251200,0.00251200,0.00000000
2022-06-22 04:25:00,0.00251200,0.00251200,0.00251200,0.00251200,0.00000000
2022-06-22 04:26:00,0.00251200,0.00251200,0.00251200,0.00251200,0.00000000
2022-06-22 04:27:00,0.00251200,0.00251200,0.00251200,0.00251200,0.00000000
2022-06-22 04:28:00,0.00251200,0.00251200,0.00251200,0.00251200,0.00000000
2022-06-22 04:29:00,0.00251200,0.00251200,0.00251200,0.00251200,0.00000000
2022-06-22 04:30:00,0.00251200,0.00251200,0.00251200,0.00251200,0.00000000
2022-06-22 04:31:00,0.00251200,0.00251200,0.00251200,0.00251200,29.70000000
2022-06-22 04:32:00,0.00251200,0.00251200,0.00251200,0.00251200,0.00000000
2022-06-22 04:33:00,0.00251200,0.00251200,0.00251200,0.00251200,0.00000000
2022-06-22 04:34:00,0.00251200,0.00251200,0.00251200,0.00251200,0.00000000
2022-06-22 04:35:00,0.00251200,0.00251200,0.00251200,0.00251200,0.00000000
2022-06-22 04:36:00,0.00251200,0.00251200,0.00251200,0.00251200,0.00000000
2022-06-22 04:37:00,0.00251200,0.00251200,0.00251200,0.00251200,0.00000000
2022-06-22 04:38:00,0.00251200,0.00251200,0.00251200,0.00251200,0.00000000
2022-06-22 04:39:00,0.00251200,0.00251200,0.00251200,0.00251200,0.00000000
2022-06-22 04:40:00,0.00251200,0.00251200,0.00251200,0.00251200,0.00000000
2022-06-22 04:41:00,0.00251200,0.00251200,0.00251200,0.00251200,0.00000000
2022-06-22 04:42:00,0.00251200,0.00251200,0.00251200,0.00251200,0.00000000
2022-06-22 04:43:00,0.00251200,0.00251200,0.00251200,0.00251200,0.00000000
2022-06-22 04:44:00,0.00250800,0.00250800,0.00250800,0.00250800,3.00000000
2022-06-22 04:45:00,0.00250600,0.00250600,0.00250500,0.00250500,19.50000000
2022-06-22 04:46:00,0.00250300,0.00250300,0.00250100,0.00250100,39.50000000
2022-06-22 04:47:00,0.00250100,0.00250100,0.00250100,0.00250100,0.00000000
2022-06-22 04:48:00,0.00250100,0.00250100,0.00250100,0.00250100,0.00000000
2022-06-22 04:49:00,0.00250100,0.00250100,0.00250100,0.00250100,0.00000000
2022-06-22 04:50:00,0.00250100,0.00250100,0.00250100,0.00250100,0.00000000
2022-06-22 04:51:00,0.00250100,0.00250100,0.00250100,0.00250100,0.00000000
2022-06-22 04:52:00,0.00250100,0.00250100,0.00250100,0.00250100,0.00000000
2022-06-22 04:53:00,0.00250100,0.00250100,0.00250100,0.00250100,0.00000000
2022-06-22 04:54:00,0.00250100,0.00250100,0.00250100,0.00250100,0.00000000
2022-06-22 04:55:00,0.00250100,0.00250100,0.00250100,0.00250100,0.00000000
2022-06-22 04:56:00,0.00249500,0.00249500,0.00249500,0.00249500,3.00000000
2022-06-22 04:57:00,0.00249500,0.00249500,0.00249500,0.00249500,0.00000000
2022-06-22 04:58:00,0.00249500,0.00249500,0.00249500,0.00249500,0.00000000
2022-06-22 04:59:00,0.00250600,0.00250600,0.00250600,0.00250600,5.30000000
2022-06-22 05:00:00,0.00250600,0.00250600,0.00250600,0.00250600,0.00000000
2022-06-22 05:01:00,0.00250600,0.00250600,0.00250600,0.00250600,0.00000000
2022-06-22 05:02:00,0.00250600,0.00250600,0.00250600,0.00250600,0.00000000
2022-06-22 05:03:00,0.00250600,0.00250600,0.00250600,0.00250600,0.00000000
2022-06-22 05:04:00,0.00250600,0.00250600,0.00250600,0.00250600,0.00000000
2022-06-22 05:05:00,0.00250600,0.00250600,0.00250600,0.00250600,0.00000000
2022-06-22 05:06:00,0.00249900,0.00249900,0.00249900,0.00249900,96.80000000
2022-06-22 05:07:00,0.00249900,0.00249900,0.00249900,0.00249900,0.00000000
2022-06-22 05:08:00,0.00249900,0.00249900,0.00249900,0.00249900,0.00000000
2022-06-22 05:09:00,0.00249900,0.00249900,0.00249900,0.00249900,3.40000000
2022-06-22 05:10:00,0.00249900,0.00249900,0.00249900,0.00249900,0.00000000
2022-06-22 05:11:00,0.00249900,0.00249900,0.00249900,0.00249900,0.00000000
2022-06-22 05:12:00,0.00249900,0.00249900,0.00249900,0.00249900,0.00000000
2022-06-22 05:13:00,0.00249900,0.00249900,0.00249900,0.00249900,0.00000000
2022-06-22 05:14:00,0.00249900,0.00249900,0.00249900,0.00249900,0.00000000
2022-06-22 05:15:00,0.00249900,0.00249900,0.00249900,0.00249900,0.00000000
2022-06-22 05:16:00,0.00249900,0.00249900,0.00249900,0.00249900,0.00000000
2022-06-22 05:17:00,0.00249900,0.00249900,0.00249900,0.00249900,0.00000000
2022-06-22 05:18:00,0.00249900,0.00249900,0.00249900,0.00249900,0.00000000
2022-06-22 05:19:00,0.00249900,0.00249900,0.00249900,0.00249900,0.00000000
2022-06-22 05:20:00,0.00249900,0.00249900,0.00249900,0.00249900,0.00000000
2022-06-22 05:21:00,0.00249900,0.00249900,0.00249900,0.00249900,0.00000000
2022-06-22 05:22:00,0.00249900,0.00249900,0.00249900,0.00249900,0.00000000
2022-06-22 05:23:00,0.00249900,0.00249900,0.00249900,0.00249900,0.00000000
2022-06-22 05:24:00,0.00249900,0.00249900,0.00249900,0.00249900,0.00000000
2022-06-22 05:25:00,0.00249900,0.00249900,0.00249900,0.00249900,0.00000000
2022-06-22 05:26:00,0.00249900,0.00249900,0.00249900,0.00249900,0.00000000
2022-06-22 05:27:00,0.00249900,0.00249900,0.00249900,0.00249900,0.00000000
2022-06-22 05:28:00,0.00249400,0.00249400,0.00249400,0.00249400,26.00000000
2022-06-22 05:29:00,0.00249400,0.00249400,0.00249400,0.00249400,0.00000000
2022-06-22 05:30:00,0.00249300,0.00249300,0.00249300,0.00249300,36.90000000
2022-06-22 05:31:00,0.00249300,0.00249300,0.00249300,0.00249300,0.00000000
2022-06-22 05:32:00,0.00249300,0.00249300,0.00249300,0.00249300,0.00000000
2022-06-22 05:33:00,0.00249300,0.00249300,0.00249300,0.00249300,0.00000000
2022-06-22 05:34:00,0.00249300,0.00249300,0.00249300,0.00249300,0.00000000
2022-06-22 05:35:00,0.00249300,0.00249300,0.00249300,0.00249300,0.00000000
2022-06-22 05:36:00,0.00249300,0.00249300,0.00249300,0.00249300,0.00000000
2022-06-22 05:37:00,0.00249300,0.00249300,0.00249300,0.00249300,0.00000000
2022-06-22 05:38:00,0.00249300,0.00249300,0.00249300,0.00249300,0.00000000
2022-06-22 05:39:00,0.00250500,0.00250500,0.00250500,0.00250500,16.00000000
2022-06-22 05:40:00,0.00250500,0.00250500,0.00250500,0.00250500,0.00000000
2022-06-22 05:41:00,0.00250500,0.00250500,0.00250500,0.00250500,0.00000000
2022-06-22 05:42:00,0.00250500,0.00250500,0.00250500,0.00250500,0.00000000
2022-06-22 05:43:00,0.00250700,0.00250700,0.00250700,0.00250700,36.90000000
2022-06-22 05:44:00,0.00250800,0.00250800,0.00250800,0.00250800,3.00000000
2022-06-22 05:45:00,0.00250800,0.00250800,0.00250800,0.00250800,0.00000000
2022-06-22 05:46:00,0.00250800,0.00250800,0.00250800,0.00250800,0.00000000
2022-06-22 05:47:00,0.00250800,0.00250800,0.00250800,0.00250800,0.00000000
2022-06-22 05:48:00,0.00250800,0.00250800,0.00250800,0.00250800,0.00000000
2022-06-22 05:49:00,0.00250800,0.00250800,0.00250800,0.00250800,0.00000000
2022-06-22 05:50:00,0.00250800,0.00250800,0.00250800,0.00250800,0.00000000
2022-06-22 05:51:00,0.00250800,0.00250800,0.00250800,0.00250800,9.40000000
2022-06-22 05:52:00,0.00250800,0.00250800,0.00250800,0.00250800,0.00000000
2022-06-22 05:53:00,0.00250800,0.00250800,0.00250800,0.00250800,0.00000000
2022-06-22 05:54:00,0.00250800,0.00250800,0.00250800,0.00250800,0.00000000
2022-06-22 05:55:00,0.00250800,0.00250800,0.00250800,0.00250800,0.00000000
2022-06-22 05:56:00,0.00250800,0.00250800,0.00250800,0.00250800,0.00000000
2022-06-22 05:57:00,0.00251400,0.00251400,0.00251400,0.00251400,2.70000000
2022-06-22 05:58:00,0.00251600,0.00251600,0.00251600,0.00251600,16.00000000
2022-06-22 05:59:00,0.00251700,0.00251700,0.00251700,0.00251700,36.80000000
2022-06-22 06:00:00,0.00251700,0.00251700,0.00251700,0.00251700,0.00000000
2022-06-22 06:01:00,0.00251900,0.00251900,0.00251900,0.00251900,10.00000000
2022-06-22 06:02:00,0.00251900,0.00251900,0.00251900,0.00251900,0.00000000
2022-06-22 06:03:00,0.00251900,0.00251900,0.00251900,0.00251900,0.00000000
2022-06-22 06:04:00,0.00251900,0.00251900,0.00251900,0.00251900,0.00000000
2022-06-22 06:05:00,0.00252200,0.00252200,0.00252200,0.00252200,3.00000000
2022-06-22 06:06:00,0.00252200,0.00252200,0.00252200,0.00252200,0.00000000
2022-06-22 06:07:00,0.00252200,0.00252200,0.00252200,0.00252200,0.00000000
2022-06-22 06:08:00,0.00252200,0.00252200,0.00252200,0.00252200,0.00000000
2022-06-22 06:09:00,0.00252200,0.00252200,0.00252200,0.00252200,0.00000000
2022-06-22 06:10:00,0.00252200,0.00252200,0.00252200,0.00252200,0.00000000
2022-06-22 06:11:00,0.00252200,0.00252200,0.00252200,0.00252200,0.00000000
2022-06-22 06:12:00,0.00252200,0.00252200,0.00252200,0.00252200,0.00000000
2022-06-22 06:13:00,0.00252200,0.00252200,0.00252200,0.00252200,0.00000000
2022-06-22 06:14:00,0.00252200,0.00252200,0.00252200,0.00252200,0.00000000
2022-06-22 06:15:00,0.00252200,0.00252200,0.00252200,0.00252200,0.00000000
2022-06-22 06:16:00,0.00252200,0.00252200,0.00252200,0.00252200,0.00000000
2022-06-22 06:17:00,0.00252600,0.00252800,0.00252600,0.00252800,59.20000000
2022-06-22 06:18:00,0.00252800,0.00252800,0.00252800,0.00252800,0.00000000
2022-06-22 06:19:00,0.00252800,0.00252800,0.00252800,0.00252800,0.00000000
2022-06-22 06:20:00,0.00252800,0.00252800,0.00252800,0.00252800,0.00000000
2022-06-22 06:21:00,0.00252800,0.00252800,0.00252800,0.00252800,0.00000000
2022-06-22 06:22:00,0.00252800,0.00252800,0.00252800,0.00252800,0.00000000
2022-06-22 06:23:00,0.00252800,0.00252800,0.00252800,0.00252800,0.00000000
2022-06-22 06:24:00,0.00252800,0.00252800,0.00252800,0.00252800,0.00000000
2022-06-22 06:25:00,0.00252800,0.00252800,0.00252800,0.00252800,0.00000000
2022-06-22 06:26:00,0.00252800,0.00252800,0.00252800,0.00252800,0.00000000
2022-06-22 06:27:00,0.00252800,0.00252800,0.00252800,0.00252800,0.00000000
2022-06-22 06:28:00,0.00251600,0.00251600,0.00251200,0.00251200,55.40000000
2022-06-22 06:29:00,0.00251200,0.00251200,0.00251200,0.00251200,0.00000000
2022-06-22 06:30:00,0.00251200,0.00251200,0.00251200,0.00251200,0.00000000
2022-06-22 06:31:00,0.00251200,0.00251200,0.00251200,0.00251200,0.00000000
2022-06-22 06:32:00,0.00251200,0.00251200,0.00251200,0.00251200,0.00000000
2022-06-22 06:33:00,0.00251200,0.00251200,0.00251200,0.00251200,0.00000000
2022-06-22 06:34:00,0.00251200,0.00251200,0.00251200,0.00251200,0.00000000
2022-06-22 06:35:00,0.00251200,0.00251200,0.00251200,0.00251200,0.00000000
2022-06-22 06:36:00,0.00251200,0.00251200,0.00251200,0.00251200,0.00000000
2022-06-22 06:37:00,0.00251200,0.00251200,0.00251200,0.00251200,0.00000000
2022-06-22 06:38:00,0.00251200,0.00251200,0.00251200,0.00251200,0.00000000
2022-06-22 06:39:00,0.00251200,0.00251200,0.00251200,0.00251200,0.00000000
2022-06-22 06:40:00,0.00251200,0.00251200,0.00251200,0.00251200,0.00000000
2022-06-22 06:41:00,0.00251200,0.00251200,0.00251200,0.00251200,0.00000000
2022-06-22 06:42:00,0.00251200,0.00251200,0.00251200,0.00251200,0.00000000
2022-06-22 06:43:00,0.00251200,0.00251200,0.00251200,0.00251200,0.00000000
2022-06-22 06:44:00,0.00251200,0.00251200,0.00251200,0.00251200,0.00000000
2022-06-22 06:45:00,0.00251200,0.00251200,0.00251200,0.00251200,0.00000000
2022-06-22 06:46:00,0.00251200,0.00251200,0.00251200,0.00251200,3.90000000
2022-06-22 06:47:00,0.00251200,0.00251200,0.00251200,0.00251200,0.00000000
2022-06-22 06:48:00,0.00251200,0.00251200,0.00251200,0.00251200,0.00000000
2022-06-22 06:49:00,0.00251200,0.00251200,0.00251200,0.00251200,0.00000000
2022-06-22 06:50:00,0.00251200,0.00251200,0.00251200,0.00251200,0.00000000
2022-06-22 06:51:00,0.00251200,0.00251200,0.00251200,0.00251200,0.00000000
2022-06-22 06:52:00,0.00251200,0.00251200,0.00251200,0.00251200,0.00000000
2022-06-22 06:53:00,0.00251200,0.00251200,0.00251200,0.00251200,0.00000000
2022-06-22 06:54:00,0.00251200,0.00251200,0.00251200,0.00251200,0.00000000
2022-06-22 06:55:00,0.00251200,0.00251200,0.00251200,0.00251200,0.00000000
2022-06-22 06:56:00,0.00251200,0.00251200,0.00251200,0.00251200,0.00000000
2022-06-22 06:57:00,0.00251200,0.00251200,0.00251200,0.00251200,0.00000000
2022-06-22 06:58:00,0.00251200,0.00251200,0.00251200,0.00251200,0.00000000
2022-06-22 06:59:00,0.00251200,0.00251200,0.00251200,0.00251200,0.00000000
2022-06-22 07:00:00,0.00251200,0.00251200,0.00251200,0.00251200,0.00000000
2022-06-22 07:01:00,0.00251200,0.00251200,0.00251200,0.00251200,0.00000000
2022-06-22 07:02:00,0.00251200,0.00251200,0.00251200,0.00251200,0.00000000
2022-06-22 07:03:00,0.00251200,0.00251200,0.00251200,0.00251200,0.00000000
2022-06-22 07:04:00,0.00251200,0.00251200,0.00251200,0.00251200,0.00000000
2022-06-22 07:05:00,0.00251200,0.00251200,0.00251200,0.00251200,0.00000000
2022-06-22 07:06:00,0.00251200,0.00251200,0.00251200,0.00251200,0.00000000
2022-06-22 07:07:00,0.00251200,0.00251200,0.00251200,0.00251200,0.00000000
2022-06-22 07:08:00,0.00251200,0.00251200,0.00251200,0.00251200,0.00000000
2022-06-22 07:09:00,0.00251200,0.00251200,0.00251200,0.00251200,0.00000000
2022-06-22 07:10:00,0.00250800,0.00250800,0.00250800,0.00250800,3.00000000
2022-06-22 07:11:00,0.00250500,0.00250500,0.00250300,0.00250300,35.00000000
2022-06-22 07:12:00,0.00250300,0.00250300,0.00250300,0.00250300,0.00000000
2022-06-22 07:13:00,0.00250300,0.00250300,0.00250300,0.00250300,0.00000000
2022-06-22 07:14:00,0.00250300,0.00250300,0.00250300,0.00250300,0.00000000
2022-06-22 07:15:00,0.00250300,0.00250300,0.00250300,0.00250300,0.00000000
2022-06-22 07:16:00,0.00250300,0.00250300,0.00250100,0.00250100,4.40000000
2022-06-22 07:17:00,0.00250100,0.00250100,0.00250100,0.00250100,0.00000000
2022-06-22 07:18:00,0.00250100,0.00250100,0.00250100,0.00250100,0.00000000
2022-06-22 07:19:00,0.00250100,0.00250100,0.00250100,0.00250100,0.00000000
2022-06-22 07:20:00,0.00250100,0.00250100,0.00250100,0.00250100,0.00000000
2022-06-22 07:21:00,0.00250700,0.00250700,0.00250700,0.00250700,20.80000000
2022-06-22 07:22:00,0.00250700,0.00250700,0.00250700,0.00250700,0.00000000
2022-06-22 07:23:00,0.00250700,0.00250700,0.00250700,0.00250700,0.00000000
2022-06-22 07:24:00,0.00250700,0.00250700,0.00250700,0.00250700,0.00000000
2022-06-22 07:25:00,0.00250700,0.00250700,0.00250700,0.00250700,0.00000000
2022-06-22 07:26:00,0.00250700,0.00250700,0.00250700,0.00250700,0.00000000
2022-06-22 07:27:00,0.00250700,0.00250700,0.00250700,0.00250700,0.00000000
2022-06-22 07:28:00,0.00250700,0.00250700,0.00250700,0.00250700,0.00000000
2022-06-22 07:29:00,0.00250700,0.00250700,0.00250700,0.00250700,0.00000000
2022-06-22 07:30:00,0.00250700,0.00250700,0.00250700,0.00250700,0.00000000
2022-06-22 07:31:00,0.00250700,0.00250700,0.00250700,0.00250700,0.00000000
2022-06-22 07:32:00,0.00250700,0.00250700,0.00250700,0.00250700,0.00000000
2022-06-22 07:33:00,0.00250700,0.00250700,0.00250700,0.00250700,0.00000000
2022-06-22 07:34:00,0.00250700,0.00250700,0.00250700,0.00250700,0.00000000
2022-06-22 07:35:00,0.00250700,0.00250700,0.00250700,0.00250700,0.00000000
2022-06-22 07:36:00,0.00250700,0.00250700,0.00250700,0.00250700,0.00000000
2022-06-22 07:37:00,0.00250700,0.00250700,0.00250700,0.00250700,0.00000000
2022-06-22 07:38:00,0.00250700,0.00250700,0.00250700,0.00250700,0.00000000
2022-06-22 07:39:00,0.00250700,0.00250700,0.00250700,0.00250700,0.00000000
2022-06-22 07:40:00,0.00250700,0.00250700,0.00250700,0.00250700,0.00000000
2022-06-22 07:41:00,0.00250700,0.00250700,0.00250700,0.00250700,0.00000000
2022-06-22 07:42:00,0.00250700,0.00250700,0.00250700,0.00250700,0.00000000
2022-06-22 07:43:00,0.00251400,0.00251700,0.00251400,0.00251700,55.50000000
2022-06-22 07:44:00,0.00251700,0.00251700,0.00251700,0.00251700,0.00000000
2022-06-22 07:45:00,0.00251700,0.00251700,0.00251700,0.00251700,0.00000000
2022-06-22 07:46:00,0.00251700,0.00251700,0.00251700,0.00251700,0.00000000
2022-06-22 07:47:00,0.00251700,0.00251700,0.00251700,0.00251700,0.00000000
2022-06-22 07:48:00,0.00251700,0.00251700,0.00251700,0.00251700,0.00000000
2022-06-22 07:49:00,0.00251700,0.00251700,0.00251700,0.00251700,0.00000000
2022-06-22 07:50:00,0.00251700,0.00251700,0.00251700,0.00251700,0.00000000
2022-06-22 07:51:00,0.00251700,0.00251700,0.00251700,0.00251700,0.00000000
2022-06-22 07:52:00,0.00251700,0.00251700,0.00251700,0.00251700,0.00000000
2022-06-22 07:53:00,0.00251700,0.00251700,0.00251700,0.00251700,0.00000000
2022-06-22 07:54:00,0.00251700,0.00251700,0.00251700,0.00251700,0.00000000
2022-06-22 07:55:00,0.00251700,0.00251700,0.00251700,0.00251700,0.00000000
2022-06-22 07:56:00,0.00251700,0.00251700,0.00251700,0.00251700,0.00000000
2022-06-22 07:57:00,0.00251700,0.00251700,0.00251700,0.00251700,0.00000000
2022-06-22 07:58:00,0.00251700,0.00251700,0.00251700,0.00251700,0.00000000
2022-06-22 07:59:00,0.00251700,0.00251700,0.00251700,0.00251700,0.00000000
2022-06-22 08:00:00,0.00251700,0.00251700,0.00251700,0.00251700,0.00000000
2022-06-22 08:01:00,0.00252200,0.00252200,0.00252200,0.00252200,3.00000000
2022-06-22 08:02:00,0.00252200,0.00252200,0.00252200,0.00252200,0.00000000
2022-06-22 08:03:00,0.00252200,0.00252200,0.00252200,0.00252200,0.00000000
2022-06-22 08:04:00,0.00252200,0.00252200,0.00252200,0.00252200,0.00000000
2022-06-22 08:05:00,0.00252200,0.00252200,0.00252200,0.00252200,0.00000000
2022-06-22 08:06:00,0.00252200,0.00252200,0.00252200,0.00252200,0.00000000
2022-06-22 08:07:00,0.00252200,0.00252200,0.00252200,0.00252200,0.00000000
2022-06-22 08:08:00,0.00252200,0.00252200,0.00252200,0.00252200,0.00000000
2022-06-22 08:09:00,0.00252200,0.00252200,0.00252200,0.00252200,0.00000000
2022-06-22 08:10:00,0.00252200,0.00252200,0.00252200,0.00252200,0.00000000
2022-06-22 08:11:00,0.00252200,0.00252200,0.00252200,0.00252200,0.00000000
2022-06-22 08:12:00,0.00252200,0.00252200,0.00252200,0.00252200,0.00000000
2022-06-22 08:13:00,0.00252200,0.00252200,0.00252200,0.00252200,0.00000000
2022-06-22 08:14:00,0.00252200,0.00252200,0.00252200,0.00252200,0.00000000
2022-06-22 08:15:00,0.00252200,0.00252200,0.00252200,0.00252200,0.00000000
2022-06-22 08:16:00,0.00252200,0.00252200,0.00252200,0.00252200,0.00000000
2022-06-22 08:17:00,0.00252200,0.00252200,0.00252200,0.00252200,0.00000000
2022-06-22 08:18:00,0.00252200,0.00252200,0.00252200,0.00252200,0.00000000
2022-06-22 08:19:00,0.00252200,0.00252200,0.00252200,0.00252200,0.00000000
2022-06-22 08:20:00,0.00252200,0.00252200,0.00252200,0.00252200,0.00000000
2022-06-22 08:21:00,0.00252200,0.00252200,0.00252200,0.00252200,0.00000000
2022-06-22 08:22:00,0.00252200,0.00252200,0.00252200,0.00252200,0.00000000
2022-06-22 08:23:00,0.00252200,0.00252200,0.00252200,0.00252200,0.00000000
2022-06-22 08:24:00,0.00252200,0.00252200,0.00252200,0.00252200,0.00000000
2022-06-22 08:25:00,0.00252200,0.00252200,0.00252200,0.00252200,0.00000000
2022-06-22 08:26:00,0.00252200,0.00252200,0.00252200,0.00252200,0.00000000
2022-06-22 08:27:00,0.00252200,0.00252200,0.00252200,0.00252200,0.00000000
2022-06-22 08:28:00,0.00252200,0.00252200,0.00252200,0.00252200,0.00000000
2022-06-22 08:29:00,0.00252200,0.00252200,0.00252200,0.00252200,0.00000000
2022-06-22 08:30:00,0.00252600,0.00252600,0.00252300,0.00252300,49.30000000
2022-06-22 08:31:00,0.00252300,0.00252300,0.00252300,0.00252300,3.90000000
2022-06-22 08:32:00,0.00252300,0.00252300,0.00252300,0.00252300,7.30000000
2022-06-22 08:33:00,0.00252300,0.00252300,0.00252300,0.00252300,0.00000000
2022-06-22 08:34:00,0.00252300,0.00252300,0.00252300,0.00252300,0.00000000
2022-06-22 08:35:00,0.00252700,0.00252700,0.00252700,0.00252700,18.70000000
2022-06-22 08:36:00,0.00252700,0.00252700,0.00252700,0.00252700,0.00000000
2022-06-22 08:37:00,0.00252700,0.00252700,0.00252700,0.00252700,0.00000000
2022-06-22 08:38:00,0.00252700,0.00252700,0.00252700,0.00252700,0.00000000
2022-06-22 08:39:00,0.00252700,0.00252700,0.00252200,0.00252200,9.10000000
2022-06-22 08:40:00,0.00252200,0.00252200,0.00252200,0.00252200,0.00000000
2022-06-22 08:41:00,0.00252200,0.00252200,0.00252200,0.00252200,0.00000000
2022-06-22 08:42:00,0.00252200,0.00252200,0.00252200,0.00252200,0.00000000
2022-06-22 08:43:00,0.00252200,0.00252200,0.00252200,0.00252200,0.00000000
2022-06-22 08:44:00,0.00252200,0.00252200,0.00252200,0.00252200,0.00000000
2022-06-22 08:45:00,0.00252200,0.00252200,0.00252200,0.00252200,0.00000000
2022-06-22 08:46:00,0.00252200,0.00252200,0.00252200,0.00252200,0.00000000
2022-06-22 08:47:00,0.00252900,0.00252900,0.00252900,0.00252900,7.70000000
2022-06-22 08:48:00,0.00252900,0.00252900,0.00252900,0.00252900,0.00000000
2022-06-22 08:49:00,0.00252900,0.00252900,0.00252900,0.00252900,0.00000000
2022-06-22 08:50:00,0.00252700,0.00252700,0.00252700,0.00252700,4.00000000
2022-06-22 08:51:00,0.00252700,0.00252700,0.00252700,0.00252700,0.00000000
2022-06-22 08:52:00,0.00252700,0.00252700,0.00252700,0.00252700,0.00000000
2022-06-22 08:53:00,0.00252700,0.00252700,0.00252700,0.00252700,0.00000000
2022-06-22 08:54:00,0.00252700,0.00252700,0.00252700,0.00252700,0.00000000
2022-06-22 08:55:00,0.00252700,0.00252700,0.00252700,0.00252700,0.00000000
2022-06-22 08:56:00,0.00252700,0.00252700,0.00252700,0.00252700,0.00000000
2022-06-22 08:57:00,0.00252700,0.00252700,0.00252700,0.00252700,0.00000000
2022-06-22 08:58:00,0.00252700,0.00252700,0.00252700,0.00252700,0.00000000
2022-06-22 08:59:00,0.00251600,0.00251600,0.00251600,0.00251600,16.00000000
2022-06-22 09:00:00,0.00251400,0.00251400,0.00251400,0.00251400,2.70000000
2022-06-22 09:01:00,0.00251400,0.00251400,0.00251400,0.00251400,0.00000000
2022-06-22 09:02:00,0.00251400,0.00251400,0.00251200,0.00251200,39.70000000
2022-06-22 09:03:00,0.00251200,0.00251200,0.00251200,0.00251200,0.00000000
2022-06-22 09:04:00,0.00251200,0.00251200,0.00251200,0.00251200,0.00000000
2022-06-22 09:05:00,0.00251200,0.00251200,0.00251200,0.00251200,0.00000000
2022-06-22 09:06:00,0.00250800,0.00250800,0.00250800,0.00250800,3.00000000
2022-06-22 09:07:00,0.00250800,0.00250800,0.00250800,0.00250800,0.00000000
2022-06-22 09:08:00,0.00250500,0.00250500,0.00250100,0.00250100,79.20000000
2022-06-22 09:09:00,0.00250100,0.00250100,0.00250100,0.00250100,0.00000000
2022-06-22 09:10:00,0.00250100,0.00250100,0.00250100,0.00250100,0.00000000
2022-06-22 09:11:00,0.00249500,0.00249500,0.00249300,0.00249300,68.00000000
2022-06-22 09:12:00,0.00249600,0.00249600,0.00249600,0.00249600,5.40000000
2022-06-22 09:13:00,0.00249600,0.00249600,0.00249600,0.00249600,0.00000000
2022-06-22 09:14:00,0.00249600,0.00249600,0.00249600,0.00249600,0.00000000
2022-06-22 09:15:00,0.00249600,0.00249600,0.00249600,0.00249600,6.40000000
2022-06-22 09:16:00,0.00249600,0.00249600,0.00249600,0.00249600,0.00000000
2022-06-22 09:17:00,0.00249600,0.00249600,0.00249600,0.00249600,0.00000000
2022-06-22 09:18:00,0.00249600,0.00249600,0.00249600,0.00249600,0.00000000
2022-06-22 09:19:00,0.00248800,0.00248800,0.00248800,0.00248800,2.70000000
2022-06-22 09:20:00,0.00248500,0.00248500,0.00248400,0.00248400,35.10000000
2022-06-22 09:21:00,0.00248400,0.00248400,0.00248400,0.00248400,0.00000000
2022-06-22 09:22:00,0.00248400,0.00248400,0.00248400,0.00248400,5.00000000
2022-06-22 09:23:00,0.00248400,0.00248400,0.00248400,0.00248400,3.00000000
2022-06-22 09:24:00,0.00248400,0.00248400,0.00248400,0.00248400,0.00000000
2022-06-22 09:25:00,0.00248400,0.00248400,0.00248400,0.00248400,0.00000000
2022-06-22 09:26:00,0.00248400,0.00248400,0.00248400,0.00248400,0.00000000
2022-06-22 09:27:00,0.00248400,0.00248400,0.00248400,0.00248400,0.00000000
2022-06-22 09:28:00,0.00248400,0.00248400,0.00248400,0.00248400,0.00000000
2022-06-22 09:29:00,0.00248400,0.00248400,0.00248400,0.00248400,0.00000000
2022-06-22 09:30:00,0.00248400,0.00248400,0.00248400,0.00248400,0.00000000
2022-06-22 09:31:00,0.00248400,0.00248400,0.00248400,0.00248400,0.00000000
2022-06-22 09:32:00,0.00248400,0.00248400,0.00248400,0.00248400,0.00000000
2022-06-22 09:33:00,0.00248400,0.00248400,0.00248400,0.00248400,0.00000000
2022-06-22 09:34:00,0.00248400,0.00248400,0.00248400,0.00248400,0.00000000
2022-06-22 09:35:00,0.00248400,0.00248400,0.00248400,0.00248400,0.00000000
2022-06-22 09:36:00,0.00248400,0.00248400,0.00248400,0.00248400,0.00000000
2022-06-22 09:37:00,0.00248400,0.00248400,0.00248400,0.00248400,0.00000000
2022-06-22 09:38:00,0.00248400,0.00248400,0.00248400,0.00248400,0.00000000
2022-06-22 09:39:00,0.00248400,0.00248400,0.00248400,0.00248400,0.00000000
2022-06-22 09:40:00,0.00248400,0.00248400,0.00248400,0.00248400,0.00000000
2022-06-22 09:41:00,0.00248400,0.00248400,0.00248400,0.00248400,0.00000000
2022-06-22 09:42:00,0.00248400,0.00248400,0.00248400,0.00248400,0.00000000
2022-06-22 09:43:00,0.00248400,0.00248400,0.00248400,0.00248400,0.00000000
2022-06-22 09:44:00,0.00248400,0.00248400,0.00248400,0.00248400,0.00000000
2022-06-22 09:45:00,0.00248400,0.00248400,0.00248400,0.00248400,0.00000000
2022-06-22 09:46:00,0.00248400,0.00248400,0.00248400,0.00248400,0.00000000
2022-06-22 09:47:00,0.00248400,0.00248400,0.00248400,0.00248400,0.00000000
2022-06-22 09:48:00,0.00248400,0.00248400,0.00248400,0.00248400,0.00000000
2022-06-22 09:49:00,0.00248400,0.00248400,0.00248400,0.00248400,0.00000000
2022-06-22 09:50:00,0.00249700,0.00249700,0.00249700,0.00249700,0.80000000
2022-06-22 09:51:00,0.00249800,0.00249800,0.00249800,0.00249800,37.10000000
2022-06-22 09:52:00,0.00249800,0.00249800,0.00249800,0.00249800,0.00000000
2022-06-22 09:53:00,0.00249800,0.00249800,0.00249800,0.00249800,0.00000000
2022-06-22 09:54:00,0.00249800,0.00249800,0.00249800,0.00249800,0.00000000
2022-06-22 09:55:00,0.00249800,0.00249800,0.00249800,0.00249800,0.00000000
2022-06-22 09:56:00,0.00250100,0.00250100,0.00250100,0.00250100,2.70000000
2022-06-22 09:57:00,0.00250100,0.00250100,0.00250100,0.00250100,0.00000000
2022-06-22 09:58:00,0.00250100,0.00250100,0.00250100,0.00250100,0.00000000
2022-06-22 09:59:00,0.00250100,0.00250100,0.00250100,0.00250100,0.00000000
2022-06-22 10:00:00,0.00250100,0.00250100,0.00250100,0.00250100,0.00000000
2022-06-22 10:01:00,0.00250100,0.00250100,0.00250100,0.00250100,0.00000000
2022-06-22 10:02:00,0.00250100,0.00250100,0.00250100,0.00250100,0.00000000
2022-06-22 10:03:00,0.00250100,0.00250100,0.00250100,0.00250100,0.00000000
2022-06-22 10:04:00,0.00250100,0.00250100,0.00250100,0.00250100,0.00000000
2022-06-22 10:05:00,0.00250100,0.00250100,0.00250100,0.00250100,0.00000000
2022-06-22 10:06:00,0.00250100,0.00250100,0.00250100,0.00250100,0.00000000
2022-06-22 10:07:00,0.00250100,0.00250100,0.00250100,0.00250100,0.00000000
2022-06-22 10:08:00,0.00250100,0.00250100,0.00250100,0.00250100,0.00000000
2022-06-22 10:09:00,0.00250100,0.00250100,0.00250100,0.00250100,0.00000000
2022-06-22 10:10:00,0.00250100,0.00250100,0.00250100,0.00250100,0.00000000
2022-06-22 10:11:00,0.00250500,0.00250500,0.00250500,0.00250500,16.00000000
2022-06-22 10:12:00,0.00250500,0.00250500,0.00250500,0.00250500,0.00000000
2022-06-22 10:13:00,0.00250500,0.00250500,0.00250500,0.00250500,0.00000000
2022-06-22 10:14:00,0.00250500,0.00250500,0.00250500,0.00250500,0.00000000
2022-06-22 10:15:00,0.00250500,0.00250500,0.00250500,0.00250500,0.00000000
2022-06-22 10:16:00,0.00250500,0.00250500,0.00250500,0.00250500,0.00000000
2022-06-22 10:17:00,0.00250500,0.00250500,0.00250500,0.00250500,0.00000000
2022-06-22 10:18:00,0.00250500,0.00250500,0.00250500,0.00250500,0.00000000
2022-06-22 10:19:00,0.00250500,0.00250500,0.00250500,0.00250500,0.00000000
2022-06-22 10:20:00,0.00250500,0.00250500,0.00250500,0.00250500,0.00000000
2022-06-22 10:21:00,0.00250500,0.00250500,0.00250500,0.00250500,0.00000000
2022-06-22 10:22:00,0.00250500,0.00250500,0.00250500,0.00250500,0.00000000
2022-06-22 10:23:00,0.00250500,0.00250500,0.00250500,0.00250500,0.00000000
2022-06-22 10:24:00,0.00250500,0.00250500,0.00250500,0.00250500,0.00000000
2022-06-22 10:25:00,0.00250500,0.00250500,0.00250500,0.00250500,0.00000000
2022-06-22 10:26:00,0.00250500,0.00250500,0.00250500,0.00250500,0.00000000
2022-06-22 10:27:00,0.00250500,0.00250500,0.00250500,0.00250500,0.00000000
2022-06-22 10:28:00,0.00250500,0.00250500,0.00250500,0.00250500,0.00000000
2022-06-22 10:29:00,0.00250500,0.00250500,0.00250500,0.00250500,0.00000000
2022-06-22 10:30:00,0.00250500,0.00250500,0.00250500,0.00250500,0.00000000
2022-06-22 10:31:00,0.00250500,0.00250500,0.00250500,0.00250500,0.00000000
2022-06-22 10:32:00,0.00250500,0.00250500,0.00250500,0.00250500,0.00000000
2022-06-22 10:33:00,0.00250500,0.00250500,0.00250500,0.00250500,0.00000000
2022-06-22 10:34:00,0.00250500,0.00250500,0.00250500,0.00250500,0.00000000
2022-06-22 10:35:00,0.00250500,0.00250500,0.00250500,0.00250500,0.00000000
2022-06-22 10:36:00,0.00250500,0.00250500,0.00250500,0.00250500,0.00000000
2022-06-22 10:37:00,0.00250500,0.00250500,0.00250500,0.00250500,0.00000000
2022-06-22 10:38:00,0.00250500,0.00250500,0.00250500,0.00250500,0.00000000
2022-06-22 10:39:00,0.00250500,0.00250500,0.00250500,0.00250500,0.00000000
2022-06-22 10:40:00,0.00250500,0.00250500,0.00250500,0.00250500,0.00000000
2022-06-22 10:41:00,0.00250500,0.00250500,0.00250500,0.00250500,0.00000000
2022-06-22 10:42:00,0.00250500,0.00250500,0.00250500,0.00250500,0.00000000
2022-06-22 10:43:00,0.00250700,0.00250700,0.00250700,0.00250700,46.00000000
2022-06-22 10:44:00,0.00250700,0.00250700,0.00250700,0.00250700,0.00000000
2022-06-22 10:45:00,0.00250800,0.00250800,0.00250800,0.00250800,3.00000000
2022-06-22 10:46:00,0.00250800,0.00250800,0.00250800,0.00250800,0.00000000
2022-06-22 10:47:00,0.00250800,0.00250800,0.00250800,0.00250800,0.00000000
2022-06-22 10:48:00,0.00250800,0.00250800,0.00250800,0.00250800,0.00000000
2022-06-22 10:49:00,0.00250800,0.00250800,0.00250800,0.00250800,0.00000000
2022-06-22 10:50:00,0.00250800,0.00250800,0.00250800,0.00250800,0.00000000
2022-06-22 10:51:00,0.00251400,0.00251600,0.00251400,0.00251600,8.00000000
2022-06-22 10:52:00,0.00251600,0.00251600,0.00251600,0.00251600,0.00000000
2022-06-22 10:53:00,0.00251600,0.00251600,0.00251600,0.00251600,0.00000000
2022-06-22 10:54:00,0.00251600,0.00251600,0.00251600,0.00251600,0.00000000
2022-06-22 10:55:00,0.00251600,0.00251600,0.00251600,0.00251600,0.00000000
2022-06-22 10:56:00,0.00251600,0.00251600,0.00251600,0.00251600,0.00000000
2022-06-22 10:57:00,0.00251600,0.00251600,0.00251600,0.00251600,0.00000000
2022-06-22 10:58:00,0.00251600,0.00251600,0.00251600,0.00251600,0.00000000
2022-06-22 10:59:00,0.00251600,0.00251600,0.00251600,0.00251600,0.00000000
2022-06-22 11:00:00,0.00251600,0.00251600,0.00251600,0.00251600,0.00000000
2022-06-22 11:01:00,0.00251600,0.00251600,0.00251600,0.00251600,0.00000000
2022-06-22 11:02:00,0.00251600,0.00251600,0.00251600,0.00251600,0.00000000
2022-06-22 11:03:00,0.00251600,0.00251600,0.00251600,0.00251600,0.00000000
2022-06-22 11:04:00,0.00251600,0.00251600,0.00251600,0.00251600,0.00000000
2022-06-22 11:05:00,0.00251600,0.00251600,0.00251600,0.00251600,0.00000000
2022-06-22 11:06:00,0.00251600,0.00251600,0.00251600,0.00251600,0.00000000
2022-06-22 11:07:00,0.00251600,0.00251600,0.00251600,0.00251600,0.00000000
2022-06-22 11:08:00,0.00251600,0.00251600,0.00251600,0.00251600,0.00000000
2022-06-22 11:09:00,0.00251600,0.00251600,0.00251600,0.00251600,0.00000000
2022-06-22 11:10:00,0.00251600,0.00251600,0.00251600,0.00251600,0.00000000
2022-06-22 11:11:00,0.00251600,0.00251600,0.00251600,0.00251600,0.00000000
2022-06-22 11:12:00,0.00251600,0.00251600,0.00251600,0.00251600,0.00000000
2022-06-22 11:13:00,0.00251600,0.00251600,0.00251600,0.00251600,0.00000000
2022-06-22 11:14:00,0.00251600,0.00251600,0.00251600,0.00251600,0.00000000
2022-06-22 11:15:00,0.00251600,0.00251600,0.00251600,0.00251600,0.00000000
2022-06-22 11:16:00,0.00251600,0.00251600,0.00251600,0.00251600,0.00000000
2022-06-22 11:17:00,0.00251600,0.00251600,0.00251600,0.00251600,0.00000000
2022-06-22 11:18:00,0.00251600,0.00251600,0.00251600,0.00251600,0.00000000
2022-06-22 11:19:00,0.00251600,0.00251600,0.00251600,0.00251600,0.00000000
2022-06-22 11:20:00,0.00251600,0.00251600,0.00251600,0.00251600,0.00000000
2022-06-22 11:21:00,0.00251600,0.00251600,0.00251600,0.00251600,0.00000000
2022-06-22 11:22:00,0.00251600,0.00251600,0.00251600,0.00251600,0.00000000
2022-06-22 11:23:00,0.00251600,0.00251600,0.00251600,0.00251600,0.00000000
2022-06-22 11:24:00,0.00251600,0.00251600,0.00251600,0.00251600,0.00000000
2022-06-22 11:25:00,0.00251600,0.00251600,0.00251600,0.00251600,0.00000000
2022-06-22 11:26:00,0.00251600,0.00251600,0.00251600,0.00251600,0.00000000
2022-06-22 11:27:00,0.00251600,0.00251600,0.00251600,0.00251600,0.00000000
2022-06-22 11:28:00,0.00251600,0.00251600,0.00251600,0.00251600,0.00000000
2022-06-22 11:29:00,0.00251600,0.00251600,0.00251600,0.00251600,0.00000000
2022-06-22 11:30:00,0.00251600,0.00251600,0.00251600,0.00251600,0.00000000
2022-06-22 11:31:00,0.00251600,0.00251600,0.00251600,0.00251600,0.00000000
2022-06-22 11:32:00,0.00251600,0.00251600,0.00251600,0.00251600,0.00000000
2022-06-22 11:33:00,0.00251600,0.00251600,0.00251600,0.00251600,0.00000000
2022-06-22 11:34:00,0.00251600,0.00251600,0.00251600,0.00251600,0.00000000
2022-06-22 11:35:00,0.00251600,0.00251600,0.00251600,0.00251600,0.00000000
2022-06-22 11:36:00,0.00251600,0.00251600,0.00251600,0.00251600,0.00000000
2022-06-22 11:37:00,0.00251600,0.00251600,0.00251600,0.00251600,0.00000000
2022-06-22 11:38:00,0.00251600,0.00251600,0.00251600,0.00251600,0.00000000
2022-06-22 11:39:00,0.00251600,0.00251600,0.00251600,0.00251600,0.00000000
2022-06-22 11:40:00,0.00251600,0.00251600,0.00251600,0.00251600,0.00000000
2022-06-22 11:41:00,0.00251600,0.00251600,0.00251600,0.00251600,0.00000000
2022-06-22 11:42:00,0.00251600,0.00251600,0.00251600,0.00251600,0.00000000
2022-06-22 11:43:00,0.00251600,0.00251600,0.00251600,0.00251600,0.00000000
2022-06-22 11:44:00,0.00251600,0.00251600,0.00251600,0.00251600,0.00000000
2022-06-22 11:45:00,0.00251600,0.00251600,0.00251600,0.00251600,0.00000000
2022-06-22 11:46:00,0.00251600,0.00251600,0.00251600,0.00251600,0.00000000
2022-06-22 11:47:00,0.00251600,0.00251600,0.00251600,0.00251600,0.00000000
2022-06-22 11:48:00,0.00251600,0.00251600,0.00251600,0.00251600,0.00000000
2022-06-22 11:49:00,0.00251600,0.00251600,0.00251600,0.00251600,0.00000000
2022-06-22 11:50:00,0.00251600,0.00251600,0.00251600,0.00251600,0.00000000
2022-06-22 11:51:00,0.00251600,0.00251600,0.00251600,0.00251600,0.00000000
2022-06-22 11:52:00,0.00251600,0.00251600,0.00251600,0.00251600,0.00000000
2022-06-22 11:53:00,0.00251600,0.00251600,0.00251600,0.00251600,0.00000000
2022-06-22 11:54:00,0.00251600,0.00251600,0.00251600,0.00251600,0.00000000
2022-06-22 11:55:00,0.00251600,0.00251600,0.00251600,0.00251600,0.00000000
2022-06-22 11:56:00,0.00251600,0.00251600,0.00251600,0.00251600,0.00000000
2022-06-22 11:57:00,0.00251600,0.00251600,0.00251600,0.00251600,0.00000000
2022-06-22 11:58:00,0.00251600,0.00251600,0.00251600,0.00251600,0.00000000
2022-06-22 11:59:00,0.00251600,0.00251600,0.00251600,0.00251600,0.00000000
2022-06-22 12:00:00,0.00251600,0.00251600,0.00251600,0.00251600,0.00000000
2022-06-22 12:01:00,0.00251600,0.00251600,0.00251600,0.00251600,0.00000000
2022-06-22 12:02:00,0.00251600,0.00251600,0.00251600,0.00251600,0.00000000
2022-06-22 12:03:00,0.00251600,0.00251600,0.00251600,0.00251600,0.00000000
2022-06-22 12:04:00,0.00251600,0.00251600,0.00251600,0.00251600,0.00000000
2022-06-22 12:05:00,0.00251600,0.00251600,0.00251600,0.00251600,0.00000000
2022-06-22 12:06:00,0.00251600,0.00251600,0.00251600,0.00251600,0.00000000
2022-06-22 12:07:00,0.00251600,0.00251600,0.00251600,0.00251600,0.00000000
2022-06-22 12:08:00,0.00251600,0.00251700,0.00251600,0.00251700,47.50000000
2022-06-22 12:09:00,0.00251900,0.00251900,0.00251900,0.00251900,10.00000000
2022-06-22 12:10:00,0.00251900,0.00251900,0.00251900,0.00251900,0.00000000
2022-06-22 12:11:00,0.00251500,0.00251500,0.00251500,0.00251500,5.40000000
2022-06-22 12:12:00,0.00251500,0.00251500,0.00251500,0.00251500,0.00000000
2022-06-22 12:13:00,0.00251500,0.00251500,0.00251500,0.00251500,0.00000000
2022-06-22 12:14:00,0.00252200,0.00252200,0.00252200,0.00252200,3.00000000
2022-06-22 12:15:00,0.00252200,0.00252200,0.00252200,0.00252200,0.00000000
2022-06-22 12:16:00,0.00252200,0.00252200,0.00252200,0.00252200,0.00000000
2022-06-22 12:17:00,0.00252200,0.00252200,0.00252200,0.00252200,0.00000000
2022-06-22 12:18:00,0.00252200,0.00252200,0.00252200,0.00252200,0.00000000
2022-06-22 12:19:00,0.00252200,0.00252200,0.00252200,0.00252200,0.00000000
2022-06-22 12:20:00,0.00252200,0.00252200,0.00252200,0.00252200,0.00000000
2022-06-22 12:21:00,0.00252400,0.00252400,0.00252400,0.00252400,6.30000000
2022-06-22 12:22:00,0.00252400,0.00252400,0.00252400,0.00252400,0.00000000
2022-06-22 12:23:00,0.00252400,0.00252400,0.00252400,0.00252400,0.00000000
2022-06-22 12:24:00,0.00252400,0.00252400,0.00252400,0.00252400,0.00000000
2022-06-22 12:25:00,0.00252400,0.00252400,0.00252400,0.00252400,0.00000000
2022-06-22 12:26:00,0.00252400,0.00252400,0.00252400,0.00252400,0.00000000
2022-06-22 12:27:00,0.00252600,0.00252600,0.00252600,0.00252600,36.70000000
2022-06-22 12:28:00,0.00252600,0.00252600,0.00252600,0.00252600,0.00000000
2022-06-22 12:29:00,0.00252600,0.00252600,0.00252600,0.00252600,0.00000000
2022-06-22 12:30:00,0.00252600,0.00252600,0.00252600,0.00252600,0.00000000
2022-06-22 12:31:00,0.00252700,0.00252700,0.00252700,0.00252700,18.70000000
2022-06-22 12:32:00,0.00252700,0.00252700,0.00252700,0.00252700,0.00000000
2022-06-22 12:33:00,0.00252700,0.00252700,0.00252700,0.00252700,0.00000000
2022-06-22 12:34:00,0.00252700,0.00252700,0.00252700,0.00252700,0.00000000
2022-06-22 12:35:00,0.00252700,0.00252700,0.00252700,0.00252700,0.00000000
2022-06-22 12:36:00,0.00252700,0.00252700,0.00252700,0.00252700,0.00000000
2022-06-22 12:37:00,0.00252700,0.00252700,0.00252700,0.00252700,0.00000000
2022-06-22 12:38:00,0.00252700,0.00252700,0.00252700,0.00252700,0.00000000
2022-06-22 12:39:00,0.00252700,0.00252700,0.00252700,0.00252700,0.00000000
2022-06-22 12:40:00,0.00252700,0.00252700,0.00252700,0.00252700,0.00000000
